label,entity,adjective,is_negated,sentiment,competence,morality,dehuman_flag,negated_dehuman_flag,dehuman_category
INTL_ACTORS,un,ordinary,False,0.0,-0.0426,0.8944,0,0,
INTL_ACTORS,un,swift,False,0.0,0.4455,-0.107,0,0,
INTL_ACTORS,un,accurate,False,0.0,1.1914,0.5091,0,0,
INTL_ACTORS,un,ruthless,False,0.0,-0.672,-2.8917,0,0,
UKR_POLITICAL,zelensky,ordinary,False,0.0,-0.0426,0.8944,0,0,
UKR_POLITICAL,ukraine,more,False,-0.581,0.8631,0.4455,0,0,
INTL_ACTORS,un,not_fun,True,0.9302,-0.8874,-0.9225,0,0,
WEST_ACTORS,usa,rear,False,0.0,0.7991,0.3926,0,0,
INTL_ACTORS,un,unlikely,False,0.0,-0.8203,-0.2337,0,0,
INTL_ACTORS,un,huge,False,-0.603,0.5508,-0.174,0,0,
RU_POLITICAL,russia,frozen,False,-0.7463,-0.581,0.1731,0,0,
INTL_ACTORS,un,funny,False,0.0,-0.4128,0.0914,0,0,
UKR_POLITICAL,zelensky,vile,False,-0.6901,-1.6945,-2.4228,0,0,
UKR_POLITICAL,zelensky,more,False,0.9122,0.8631,0.4455,0,0,
UKR_POLITICAL,zelensky,tantamount,False,-0.7516,-1.223,-0.5032,0,0,
INTL_ACTORS,un,special,False,-0.6318,1.2326,0.2925,0,0,
WEST_ACTORS,usa,innocent,False,-0.6318,-1.4644,0.43,0,0,
INTL_ACTORS,un,unknown,False,0.0,-0.4389,-0.4127,0,0,
INTL_ACTORS,un,unknown,False,0.0,-0.4389,-0.4127,0,0,
INTL_ACTORS,un,much,False,-0.4864,0.4329,0.583,0,0,
UKR_POLITICAL,ukraine,special,False,0.0,1.2326,0.2925,0,0,
RU_POLITICAL,russia,evil,False,-0.8729,-0.6475,-2.0621,1,0,subhuman
RU_POLITICAL,russia,conniving,False,-0.8729,-1.3663,-2.6265,0,0,
RU_POLITICAL,russia,evil,False,-0.8729,-0.6475,-2.0621,1,0,subhuman
RU_POLITICAL,russia,conniving,False,-0.8729,-1.3663,-2.6265,0,0,
RU_POLITICAL,russia,evil,False,-0.8752,-0.6475,-2.0621,1,0,subhuman
RU_POLITICAL,russia,conniving,False,-0.8752,-1.3663,-2.6265,0,0,
RU_POLITICAL,russia,evil,False,-0.8752,-0.6475,-2.0621,1,0,subhuman
RU_POLITICAL,russia,conniving,False,-0.8752,-1.3663,-2.6265,0,0,
RU_POLITICAL,russia,evil,False,-0.9084,-0.6475,-2.0621,1,0,subhuman
RU_POLITICAL,russia,conniving,False,-0.9084,-1.3663,-2.6265,0,0,
RU_POLITICAL,russia,evil,False,-0.9084,-0.6475,-2.0621,1,0,subhuman
RU_POLITICAL,russia,conniving,False,-0.9084,-1.3663,-2.6265,0,0,
INTL_ACTORS,un,unpleasant,False,-0.9268,-1.7048,-1.0704,0,0,
INTL_ACTORS,un,urgent,False,0.0,-0.058,0.0864,0,0,
INTL_ACTORS,un,just,False,0.0,0.1894,0.6815,0,0,
UKR_POLITICAL,zelensky,extremist,False,-0.734,-1.0364,-2.2587,0,0,
UKR_POLITICAL,kiev,hot,False,0.0,0.4546,0.3382,0,0,
INTL_ACTORS,un,unpleasant,False,-0.9325,-1.7048,-1.0704,0,0,
INTL_ACTORS,un,further,False,0.0,0.679,0.1394,0,0,
WEST_ACTORS,eu,surprising,False,-0.6157,0.0068,0.2948,0,0,
INTL_ACTORS,un,more,False,0.0,0.8631,0.4455,0,0,
INTL_ACTORS,un,understandable,False,-0.8393,-0.4257,0.5953,0,0,
UKR_POLITICAL,zelensky,sorry,False,-0.8393,-1.314,0.1527,0,0,
WEST_ACTORS,usa,traditional,False,-0.8383,1.3589,0.6595,0,0,
WEST_ACTORS,usa,nasty,False,-0.8383,-1.2053,-1.8143,0,0,
INTL_ACTORS,un,united,False,0.7733,0.3318,0.4007,0,0,
INTL_ACTORS,un,invincible,False,0.7733,-0.6067,0.0758,0,0,
WEST_ACTORS,eu,ready,False,0.0,1.0796,0.7275,0,0,
WEST_ACTORS,eu,aware,False,0.0,0.1151,0.1133,0,0,
UKR_POLITICAL,zelensky,chronic,False,-0.7513,-1.1094,-0.5826,0,0,
UKR_POLITICAL,zelensky,spinal,False,0.0,-0.478,-0.1339,0,0,
INTL_ACTORS,un,runaway,False,0.0,-1.2962,-0.7672,0,0,
RU_POLITICAL,russia,wrong,False,0.0,-1.1021,0.0407,0,0,
INTL_ACTORS,un,unitary,False,-0.6095,-0.0876,0.2552,0,0,
UKR_POLITICAL,zelensky,sneaky,False,0.0,-0.8422,-1.6495,0,0,
UKR_POLITICAL,ukraine,gross,False,-0.9074,-0.7007,-0.6233,0,0,
UKR_POLITICAL,ukraine,basic,False,-0.9074,1.1652,0.9161,0,0,
UKR_POLITICAL,zelensky,manual,False,-0.9074,0.903,0.1303,0,0,
UKR_POLITICAL,zelensky,overdue,False,-0.9074,-0.6556,0.6076,0,0,
INTL_ACTORS,un,gross,False,-0.839,-0.7007,-0.6233,0,0,
INTL_ACTORS,un,basic,False,-0.839,1.1652,0.9161,0,0,
UKR_POLITICAL,zelensky,overdue,False,-0.839,-0.6556,0.6076,0,0,
RU_POLITICAL,russia,ready,False,0.0,1.0796,0.7275,0,0,
UKR_POLITICAL,ukraine,very,False,-0.7131,0.7466,0.6939,0,0,
UKR_POLITICAL,ukraine,lazy,False,-0.7131,-1.9785,-0.0952,0,0,
UKR_POLITICAL,zelensky,unlikely,False,-0.7862,-0.8203,-0.2337,0,0,
UKR_POLITICAL,ukraine,binding,False,0.0,0.5539,0.3585,0,0,
WEST_ACTORS,nato,hostile,False,0.0,-1.1626,-1.6131,0,0,
WEST_ACTORS,eu,individual,False,0.0,0.7013,0.7541,0,0,
UKR_POLITICAL,ukraine,extra,False,0.0,0.7806,0.8091,0,0,
UKR_POLITICAL,ukraine,neutral,False,0.0,0.2469,0.8183,0,0,
RU_POLITICAL,russia,legislative,False,0.0,-0.0384,-0.2913,0,0,
UKR_POLITICAL,ukraine,wrong,False,-0.5473,-1.1021,0.0407,0,0,
INTL_ACTORS,un,unmanned,False,0.0,0.6656,-0.4279,0,0,
INTL_ACTORS,un,neutral,False,-0.6767,0.2469,0.8183,0,0,
UKR_POLITICAL,zelensky,usurpor,False,0.0,0.0,0.0,0,0,
UKR_POLITICAL,zelensky,usurpor,False,0.0,0.0,0.0,0,0,
WEST_ACTORS,trump,happy,False,0.0,0.1755,1.1158,0,0,
UKR_POLITICAL,ukraine,peaceful,False,-0.8614,0.3609,2.2424,0,0,
UKR_POLITICAL,ukraine,peaceful,False,-0.8614,0.3609,2.2424,0,0,
UKR_POLITICAL,zelensky,shameful,False,-0.6241,-2.4353,-1.2535,0,0,
UKR_POLITICAL,ukraine,smart,False,0.895,1.2446,0.1981,0,0,
UKR_POLITICAL,ukraine,inter,False,0.7568,0.4127,-0.143,0,0,
INTL_ACTORS,un,not_useful,True,0.5139,-1.2802,-0.6552,0,0,
INTL_ACTORS,un,funny,False,0.9454,-0.4128,0.0914,0,0,
INTL_ACTORS,un,unpleasant,False,-0.8681,-1.7048,-1.0704,0,0,
INTL_ACTORS,un,awkward,False,-0.6694,-1.7005,0.11,0,0,
INTL_ACTORS,un,uncomfortable,False,-0.6694,-1.6382,-0.0025,0,0,
INTL_ACTORS,un,awkward,False,-0.6694,-1.7005,0.11,0,0,
INTL_ACTORS,un,uncomfortable,False,-0.6694,-1.6382,-0.0025,0,0,
INTL_ACTORS,un,democratic,False,0.5322,-0.1872,0.6419,0,0,
INTL_ACTORS,un,free,False,0.5322,1.1814,0.4539,0,0,
INTL_ACTORS,un,communist,False,0.5322,-0.732,-1.6154,0,0,
INTL_ACTORS,un,party,False,0.5322,0.0149,-0.1208,0,0,
INTL_ACTORS,un,unconditional,False,0.0,-0.1656,0.8196,0,0,
WEST_ACTORS,eu,prominent,False,0.0,0.7978,-0.0364,0,0,
INTL_ACTORS,un,sovereign,False,0.0,-0.478,0.455,0,0,
WEST_ACTORS,trump,kind,False,0.0,0.4186,0.248,0,0,
UKR_POLITICAL,zelensky,sweet,False,0.7886,0.4161,1.0798,0,0,
UKR_POLITICAL,zelensky,sweet,False,0.7886,0.4161,1.0798,0,0,
UKR_POLITICAL,zelensky,not_nice,True,-0.7886,-0.9397,-1.2941,0,0,
INTL_ACTORS,un,more,False,-0.889,0.8631,0.4455,0,0,
RU_POLITICAL,russia,peaceful,False,0.0,0.3609,2.2424,0,0,
WEST_ACTORS,eu,selective,False,0.0,0.2136,-0.1648,0,0,
UKR_POLITICAL,kiev,massive,False,0.0,0.1972,-0.7881,0,0,
UKR_POLITICAL,kiev,terrorist,False,0.0,-0.5389,-2.5498,0,0,
INTL_ACTORS,un,unscathed,False,0.0,-1.3734,0.1448,0,0,
INTL_ACTORS,un,unscathed,False,0.0,-1.3734,0.1448,0,0,
INTL_ACTORS,un,temporary,False,0.0,-0.5069,0.0551,0,0,
UKR_POLITICAL,zelensky,safe,False,0.0,0.7771,0.7522,0,0,
INTL_ACTORS,un,unbelievable,False,-0.8833,-0.2812,-0.1913,0,0,
UKR_POLITICAL,ukraine,influential,False,0.0,0.7282,-0.0484,0,0,
UKR_POLITICAL,ukraine,influential,False,0.0,0.7282,-0.0484,0,0,
UKR_POLITICAL,ukraine,influential,False,0.0,0.7282,-0.0484,0,0,
UKR_POLITICAL,ukraine,influential,False,0.0,0.7282,-0.0484,0,0,
UKR_POLITICAL,ukraine,influential,False,0.0,0.7282,-0.0484,0,0,
UKR_POLITICAL,ukraine,influential,False,-0.6133,0.7282,-0.0484,0,0,
UKR_POLITICAL,ukraine,pure,False,0.0,0.7793,0.8781,0,0,
UKR_POLITICAL,ukraine,unblemished,False,0.0,-0.5439,1.0745,0,0,
UKR_POLITICAL,zelensky,sweet,False,0.0,0.4161,1.0798,0,0,
UKR_POLITICAL,ukraine,aircraft,False,0.0,1.2962,0.0442,0,0,
INTL_ACTORS,un,unclear,False,0.0,-1.4318,-0.4139,0,0,
INTL_ACTORS,un,corruption,False,-0.5911,-1.245,-1.8959,0,0,
INTL_ACTORS,un,corruption,False,0.0,-1.245,-1.8959,0,0,
INTL_ACTORS,un,corruption,False,0.0,-1.245,-1.8959,0,0,
INTL_ACTORS,un,punitive,False,0.0,-1.1539,-0.9925,0,0,
INTL_ACTORS,un,unsympathetic,False,0.0,-2.4125,-1.2289,0,0,
UKR_POLITICAL,ukraine,respectable,False,0.0,0.2802,0.8068,0,0,
INTL_ACTORS,un,understandable,False,0.0,-0.4257,0.5953,0,0,
UKR_POLITICAL,ukraine,unscathed,False,0.0,-1.3734,0.1448,0,0,
UKR_POLITICAL,ukraine,sovereign,False,0.0,-0.478,0.455,0,0,
INTL_ACTORS,un,murky,False,0.0,-1.6631,-0.7184,0,0,
UKR_POLITICAL,ukraine,independent,False,0.0,1.0854,0.372,0,0,
UKR_POLITICAL,kiev,corruption,False,0.0,-1.245,-1.8959,0,0,
WEST_ACTORS,eu,sad,False,-0.8916,-1.7051,0.2023,0,0,
UKR_POLITICAL,ukraine,corruption,False,0.0,-1.245,-1.8959,0,0,
INTL_ACTORS,un,entire,False,-0.815,0.4004,0.2851,0,0,
WEST_ACTORS,trump,peaceful,False,-0.648,0.3609,2.2424,0,0,
WEST_ACTORS,eu,peaceful,False,-0.6599,0.3609,2.2424,0,0,
INTL_ACTORS,un,whole,False,0.0,0.1824,0.6025,0,0,
INTL_ACTORS,un,whole,False,0.0,0.1824,0.6025,0,0,
INTL_ACTORS,un,whole,False,-0.5333,0.1824,0.6025,0,0,
WEST_ACTORS,usa,inconsistent,False,-0.5333,-2.2259,-0.4544,0,0,
INTL_ACTORS,un,whole,False,-0.5333,0.1824,0.6025,0,0,
UKR_POLITICAL,zelensky,indifferent,False,-0.6405,-2.159,-0.1542,0,0,
INTL_ACTORS,un,whole,False,-0.6405,0.1824,0.6025,0,0,
INTL_ACTORS,un,countless,False,-0.6405,-0.0183,0.1703,0,0,
WEST_ACTORS,trump,surprised,False,0.0,-0.2833,0.4679,0,0,
INTL_ACTORS,un,undesirable,False,-0.867,-1.4984,-1.0794,0,0,
UKR_POLITICAL,zelensky,surprising,False,-0.7778,0.0068,0.2948,0,0,
UKR_POLITICAL,zelensky,not_aware,True,0.7778,-0.1151,-0.1133,0,0,
UKR_POLITICAL,zelensky,embarrassed,False,-0.8599,-2.1706,-0.0686,0,0,
UKR_POLITICAL,ukraine,terrible,False,-0.8633,-1.5544,-0.955,0,0,
INTL_ACTORS,un,fellow,False,-0.717,-0.018,0.132,0,0,
INTL_ACTORS,un,disgruntled,False,-0.717,-2.123,-0.97,0,0,
WEST_ACTORS,biden,personal,False,0.0,1.1114,0.7794,0,0,
WEST_ACTORS,biden,questionable,False,0.0,-1.5122,-0.7417,0,0,
INTL_ACTORS,un,painful,False,-0.6539,-1.4033,-0.4238,0,0,
INTL_ACTORS,un,unaltered,False,-0.6539,-0.7423,0.6082,0,0,
WEST_ACTORS,usa,unbelievable,False,-0.5213,-0.2812,-0.1913,0,0,
WEST_ACTORS,eu,neutral,False,-0.5307,0.2469,0.8183,0,0,
INTL_ACTORS,un,unconditional,False,0.0,-0.1656,0.8196,0,0,
RU_POLITICAL,russia,illegal,False,0.0,-1.0007,-1.5436,0,0,
WEST_ACTORS,usa,tired,False,0.0,-1.5998,0.3211,0,0,
RU_POLITICAL,russia,hysterical,False,0.0,-1.8699,-0.6678,0,0,
UKR_POLITICAL,ukraine,hybrid,False,0.0,1.4795,-0.4469,0,0,
INTL_ACTORS,un,whole,False,-0.4983,0.1824,0.6025,0,0,
RU_POLITICAL,russia,senseless,False,-0.8938,-2.2335,-1.2549,0,0,
WEST_ACTORS,nato,entire,False,-0.5151,0.4004,0.2851,0,0,
UKR_POLITICAL,zelensky,professional,False,-0.8878,2.191,0.3404,0,0,
UKR_POLITICAL,zelensky,moral,False,0.0,-0.5166,1.4258,0,0,
WEST_ACTORS,eu,not_worth,True,0.7699,-0.531,-1.1333,0,0,
WEST_ACTORS,trump,primitive,False,-0.8685,-0.4772,-0.2824,1,0,subhuman
WEST_ACTORS,trump,limited,False,0.0,0.379,0.1615,0,0,
UKR_POLITICAL,ukraine,entire,False,0.0,0.4004,0.2851,0,0,
UKR_POLITICAL,zelensky,intact,False,-0.508,-0.5806,0.7118,0,0,
UKR_POLITICAL,zelensky,ridiculous,False,-0.8608,-1.5848,-0.7096,0,0,
INTL_ACTORS,un,serious,False,-0.6207,0.0489,0.1019,0,0,
INTL_ACTORS,un,social,False,-0.6207,0.8349,0.5586,0,0,
RU_POLITICAL,russia,ordinary,False,-0.8843,-0.0426,0.8944,0,0,
UKR_POLITICAL,kiev,terrorist,False,-0.8212,-0.5389,-2.5498,0,0,
INTL_ACTORS,un,vast,False,-0.5251,0.5041,-0.021,0,0,
UKR_POLITICAL,ukraine,aircraft,False,-0.5251,1.2962,0.0442,0,0,
UKR_POLITICAL,crimea,willing,False,0.0,0.0487,0.4851,0,0,
INTL_ACTORS,un,profound,False,0.0,0.2498,1.0858,0,0,
UKR_POLITICAL,ukraine,just,False,0.0,0.1894,0.6815,0,0,
UKR_POLITICAL,ukraine,sustainable,False,0.0,1.7991,1.1938,0,0,
INTL_ACTORS,un,uncomfortable,False,-0.7033,-1.6382,-0.0025,0,0,
INTL_ACTORS,un,whole,False,-0.9087,0.1824,0.6025,0,0,
UKR_POLITICAL,ukraine,terrible,False,-0.939,-1.5544,-0.955,0,0,
INTL_ACTORS,un,whole,False,-0.939,0.1824,0.6025,0,0,
WEST_ACTORS,eu,tight,False,0.0,0.0515,0.0191,0,0,
INTL_ACTORS,un,willing,False,0.6477,0.0487,0.4851,0,0,
UKR_POLITICAL,ukraine,just,False,0.6189,0.1894,0.6815,0,0,
UKR_POLITICAL,ukraine,sustainable,False,0.6189,1.7991,1.1938,0,0,
WEST_ACTORS,usa,aware,False,0.0,0.1151,0.1133,0,0,
RU_POLITICAL,russia,more,False,0.0,0.8631,0.4455,0,0,
WEST_ACTORS,eu,okay,False,0.0,-0.848,0.6017,0,0,
INTL_ACTORS,un,unhappy,False,-0.5461,-2.2655,-0.3606,0,0,
UKR_POLITICAL,zelensky,comedant,False,-0.8477,0.0,0.0,0,0,
UKR_POLITICAL,zelensky,afraid,False,-0.7182,-1.1227,-0.2038,0,0,
UKR_POLITICAL,zelensky,afraid,False,-0.7302,-1.1227,-0.2038,0,0,
UKR_POLITICAL,ukraine,native,False,0.0,1.1564,0.3986,0,0,
WEST_ACTORS,eu,literated,False,0.0,0.0,0.0,0,0,
UKR_POLITICAL,ukraine,very,False,-0.9095,0.7466,0.6939,0,0,
UKR_POLITICAL,ukraine,just,False,0.0,0.1894,0.6815,0,0,
UKR_POLITICAL,ukraine,sustainable,False,0.0,1.7991,1.1938,0,0,
UKR_POLITICAL,ukraine,traditional,False,-0.8255,1.3589,0.6595,0,0,
UKR_POLITICAL,kiev,disgusting,False,-0.6186,-2.2454,-1.8581,0,0,
CIVILIANS,civilians,human,False,-0.7104,0.5286,0.3597,0,0,
CIVILIANS,civilians,criminal,False,-0.7104,-0.7445,-1.6987,0,0,
RU_POLITICAL,russia,customary,False,0.0,0.0584,0.637,0,0,
UKR_POLITICAL,zelensky,strange,False,-0.5095,-0.8699,-0.3898,0,0,
INTL_ACTORS,un,unloved,False,-0.5219,-3.0733,-0.7095,0,0,
INTL_ACTORS,un,unfair,False,-0.8432,-1.9614,-1.2656,0,0,
INTL_ACTORS,un,rich,False,-0.8514,0.8542,0.3544,0,0,
INTL_ACTORS,un,ungrateful,False,-0.8514,-2.9721,-1.1501,0,0,
INTL_ACTORS,un,useless,False,-0.8514,-1.7454,-0.6034,0,0,
UKR_POLITICAL,ukraine,insufficient,False,-0.5405,-1.4939,0.0227,0,0,
RU_POLITICAL,russia,worth,False,0.0,0.531,1.1333,0,0,
WEST_ACTORS,eu,unlikely,False,-0.4967,-0.8203,-0.2337,0,0,
RU_POLITICAL,russia,not_ready,True,0.7828,-1.0796,-0.7275,0,0,
WEST_ACTORS,eu,serious,False,-0.7828,0.0489,0.1019,0,0,
UKR_POLITICAL,ukraine,temporary,False,0.0,-0.5069,0.0551,0,0,
INTL_ACTORS,un,unkillable,False,-0.7468,-1.2426,-0.7668,0,0,
WEST_ACTORS,trump,confident,False,0.0,0.5619,0.8236,0,0,
WEST_ACTORS,germany,stubby,False,-0.6755,-0.5991,-0.6782,0,0,
UKR_POLITICAL,zelensky,comedant,False,-0.8238,0.0,0.0,0,0,
WEST_ACTORS,eu,excellent,False,0.8026,1.9504,1.3055,0,0,
WEST_ACTORS,eu,amazing,False,-0.7872,1.2718,0.9281,0,0,
UKR_POLITICAL,ukraine,ready,False,0.0,1.0796,0.7275,0,0,
RU_POLITICAL,putin,indifferent,False,-0.7323,-2.159,-0.1542,0,0,
UKR_POLITICAL,zelensky,comedant,False,-0.652,0.0,0.0,0,0,
RU_POLITICAL,putin,cynical,False,-0.8781,-1.7499,-0.9921,0,0,
INTL_ACTORS,un,untraceable,False,0.0,-1.2847,-0.8221,0,0,
RU_POLITICAL,russia,massive,False,-0.7435,0.1972,-0.7881,0,0,
RU_POLITICAL,russia,disillusioned,False,-0.532,-2.2507,-0.1871,0,0,
RU_POLITICAL,russia,dead,False,0.0,-0.9736,-0.1385,0,0,
WEST_ACTORS,eu,massive,False,0.0,0.1972,-0.7881,0,0,
WEST_ACTORS,eu,exaltated,False,0.0,0.0,0.0,0,0,
WEST_ACTORS,eu,cynical,False,-0.826,-1.7499,-0.9921,0,0,
WEST_ACTORS,eu,evident,False,-0.826,-0.1736,0.3453,0,0,
RU_POLITICAL,moscow,uncomfortable,False,-0.674,-1.6382,-0.0025,0,0,
RU_POLITICAL,russia,aggressive,False,-0.6088,0.2003,-1.8713,0,0,
RU_POLITICAL,russia,aggressive,False,-0.6088,0.2003,-1.8713,0,0,
RU_POLITICAL,moscow,hybrid,False,-0.5558,1.4795,-0.4469,0,0,
RU_POLITICAL,russia,symmetrical,False,-0.5558,0.2235,0.5292,0,0,
RU_POLITICAL,russia,asymmetric,False,-0.5558,-0.0117,-0.4598,0,0,
INTL_ACTORS,un,unfulfilled,False,-0.7601,-1.9525,0.1316,0,0,
INTL_ACTORS,un,well,False,0.0,1.1192,0.5754,0,0,
WEST_ACTORS,eu,bright,False,0.0,0.5737,1.1801,0,0,
WEST_ACTORS,eu,neutral,False,0.0,0.2469,0.8183,0,0,
WEST_ACTORS,eu,independent,False,0.0,1.0854,0.372,0,0,
UKR_POLITICAL,ukraine,power,False,-0.523,1.5821,-0.0956,0,0,
UKR_POLITICAL,zelensky,serious,False,-0.523,0.0489,0.1019,0,0,
UKR_POLITICAL,ukraine,influential,False,-0.7549,0.7282,-0.0484,0,0,
INTL_ACTORS,un,unpleasant,False,-0.7549,-1.7048,-1.0704,0,0,
WEST_ACTORS,usa,harsh,False,-0.7611,-0.9191,-1.0979,0,0,
UKR_POLITICAL,ukraine,urgent,False,0.0,-0.058,0.0864,0,0,
INTL_ACTORS,un,crucial,False,0.0,0.5357,0.5324,0,0,
INTL_ACTORS,un,whole,False,-0.912,0.1824,0.6025,0,0,
UKR_POLITICAL,zelensky,well,False,-0.912,1.1192,0.5754,0,0,
UKR_POLITICAL,zelensky,willing,False,0.0,0.0487,0.4851,0,0,
UKR_POLITICAL,zelensky,willing,False,0.0,0.0487,0.4851,0,0,
UKR_POLITICAL,zelensky,willing,False,0.0,0.0487,0.4851,0,0,
UKR_POLITICAL,zelensky,not_afraid,True,-0.0,1.1227,0.2038,0,0,
UKR_POLITICAL,zelensky,willing,False,0.0,0.0487,0.4851,0,0,
UKR_POLITICAL,zelensky,willing,False,0.0,0.0487,0.4851,0,0,
INTL_ACTORS,un,thoughtless,False,0.0,-2.4735,-0.8322,0,0,
INTL_ACTORS,un,unimaginable,False,0.0,-0.5957,-0.577,0,0,
UKR_POLITICAL,zelensky,comic,False,-0.752,-0.1356,0.2398,0,0,
WEST_ACTORS,eu,reluctant,False,0.0,-1.2326,-0.1762,0,0,
INTL_ACTORS,un,untraceable,False,0.0,-1.2847,-0.8221,0,0,
UKR_POLITICAL,kiev,lasting,False,0.0,1.2934,1.2095,0,0,
WEST_ACTORS,eu,unchanged,False,0.0,-0.4911,0.4173,0,0,
INTL_ACTORS,un,unprecedented,False,0.0,0.7364,-0.5512,0,0,
RU_POLITICAL,russia,ready,False,0.0,1.0796,0.7275,0,0,
WEST_ACTORS,eu,whole,False,0.0,0.1824,0.6025,0,0,
WEST_ACTORS,eu,whole,False,0.0,0.1824,0.6025,0,0,
INTL_ACTORS,un,unstoppable,False,0.0,-0.0925,-1.1287,0,0,
INTL_ACTORS,un,endless,False,0.0,-0.3685,0.1214,0,0,
RU_POLITICAL,putin,right,False,0.7474,0.3563,0.7214,0,0,
RU_POLITICAL,putin,happy,False,0.0,0.1755,1.1158,0,0,
UKR_POLITICAL,ukraine,customary,False,0.0,0.0584,0.637,0,0,
UKR_POLITICAL,zelensky,confused,False,-0.5136,-1.5244,-0.1363,0,0,
UKR_POLITICAL,zelensky,afraid,False,-0.5136,-1.1227,-0.2038,0,0,
WEST_ACTORS,trump,authoritative,False,0.0,0.8729,0.8239,0,0,
RU_POLITICAL,russia,authoritative,False,0.0,0.8729,0.8239,0,0,
WEST_ACTORS,usa,brutal,False,0.0,-0.8285,-2.3151,0,0,
WEST_ACTORS,usa,brutal,False,0.0,-0.8285,-2.3151,0,0,
WEST_ACTORS,trump,painful,False,-0.5603,-1.4033,-0.4238,0,0,
RU_POLITICAL,russia,inflammable,False,0.0,-0.9741,-0.32,0,0,
WEST_ACTORS,eu,primitive,False,-0.7842,-0.4772,-0.2824,1,0,subhuman
WEST_ACTORS,eu,straightforward,False,-0.7842,0.7525,0.8616,0,0,
WEST_ACTORS,usa,primitive,False,-0.8124,-0.4772,-0.2824,1,0,subhuman
CIVILIANS,civilians,hysterical,False,0.0,-1.8699,-0.6678,0,0,
UKR_POLITICAL,ukraine,inventive,False,0.0,0.7037,0.2826,0,0,
INTL_ACTORS,un,controversial,False,-0.6764,-0.4314,-0.7313,0,0,
WEST_ACTORS,eu,fledged,False,-0.5244,0.5053,-0.1846,0,0,
INTL_ACTORS,un,unknown,False,-0.5245,-0.4389,-0.4127,0,0,
UKR_POLITICAL,ukraine,special,False,0.0,1.2326,0.2925,0,0,
UKR_POLITICAL,zelensky,not_sure,True,0.7888,-0.4171,-0.5704,0,0,
RU_POLITICAL,moscow,modest,False,-0.7888,0.3721,1.1369,0,0,
UKR_POLITICAL,ukraine,illegal,False,0.0,-1.0007,-1.5436,0,0,
WEST_ACTORS,usa,armoured,False,0.0,0.5473,-0.7574,0,0,
INTL_ACTORS,un,unattended,False,0.0,-0.8006,-0.1413,0,0,
WEST_ACTORS,usa,armoured,False,0.0,0.5473,-0.7574,0,0,
UKR_POLITICAL,zelensky,willing,False,-0.5821,0.0487,0.4851,0,0,
WEST_ACTORS,trump,typical,False,-0.5277,-0.0216,0.2244,0,0,
WEST_ACTORS,trump,valuable,False,-0.5277,1.2507,0.6852,0,0,
WEST_ACTORS,trump,valuable,False,-0.5277,1.2507,0.6852,0,0,
WEST_ACTORS,trump,obsessive,False,-0.5277,-1.1218,-1.1425,0,0,
INTL_ACTORS,un,unmistakable,False,0.0,0.2486,0.3441,0,0,
INTL_ACTORS,un,unbroken,False,-0.5832,-0.5047,1.0347,0,0,
INTL_ACTORS,un,unexpected,False,0.0,-0.5839,-0.0385,0,0,
UKR_POLITICAL,ukraine,weird,False,0.0,-1.0718,-0.5102,0,0,
UKR_POLITICAL,kiev,unlikely,False,-0.6659,-0.8203,-0.2337,0,0,
RU_POLITICAL,russia,extra,False,-0.6659,0.7806,0.8091,0,0,
UKR_POLITICAL,zelensky,confident,False,0.0,0.5619,0.8236,0,0,
UKR_POLITICAL,ukraine,fat,False,-0.609,-0.2754,-0.5558,0,0,
UKR_POLITICAL,ukraine,surprised,False,-0.609,-0.2833,0.4679,0,0,
INTL_ACTORS,un,situational,False,0.0,-0.0336,0.3645,0,0,
INTL_ACTORS,un,situational,False,0.0,-0.0336,0.3645,0,0,
INTL_ACTORS,un,entire,False,-0.8591,0.4004,0.2851,0,0,
WEST_ACTORS,eu,neutral,False,0.0,0.2469,0.8183,0,0,
WEST_ACTORS,eu,sympathetic,False,0.0,-0.6929,0.3193,0,0,
RU_POLITICAL,russia,unfortunate,False,-0.6789,-1.7696,-0.5343,0,0,
INTL_ACTORS,un,united,False,-0.4951,0.3318,0.4007,0,0,
UKR_POLITICAL,ukraine,bandier,False,-0.4951,0.0,0.0,0,0,
UKR_POLITICAL,kiev,free,False,-0.5878,1.1814,0.4539,0,0,
UKR_POLITICAL,kiev,free,False,-0.5878,1.1814,0.4539,0,0,
INTL_ACTORS,un,unscathed,False,0.0,-1.3734,0.1448,0,0,
UKR_POLITICAL,zelensky,useful,False,-0.6343,1.2802,0.6552,0,0,
INTL_ACTORS,un,unwritten,False,-0.7398,-0.9543,0.303,0,0,
INTL_ACTORS,un,funny,False,0.6371,-0.4128,0.0914,0,0,
INTL_ACTORS,un,untidy,False,-0.8918,-2.6518,-0.3124,0,0,
INTL_ACTORS,un,untidy,False,-0.8918,-2.6518,-0.3124,0,0,
INTL_ACTORS,un,whole,False,-0.755,0.1824,0.6025,0,0,
INTL_ACTORS,un,ready,False,-0.7004,1.0796,0.7275,0,0,
UKR_POLITICAL,ukraine,more,False,-0.6957,0.8631,0.4455,0,0,
UKR_POLITICAL,ukraine,more,False,-0.6957,0.8631,0.4455,0,0,
RU_POLITICAL,russia,extremist,False,0.0,-1.0364,-2.2587,0,0,
RU_POLITICAL,russia,extremist,False,0.0,-1.0364,-2.2587,0,0,
RU_POLITICAL,russia,extremist,False,-0.6459,-1.0364,-2.2587,0,0,
RU_POLITICAL,russia,extremist,False,-0.6459,-1.0364,-2.2587,0,0,
WEST_ACTORS,usa,more,False,0.0,0.8631,0.4455,0,0,
WEST_ACTORS,usa,more,False,-0.7617,0.8631,0.4455,0,0,
UKR_POLITICAL,kiev,dead,False,-0.7617,-0.9736,-0.1385,0,0,
UKR_POLITICAL,kiev,proper,False,-0.7617,0.5466,0.7749,0,0,
UKR_POLITICAL,ukraine,unscathed,False,-0.8315,-1.3734,0.1448,0,0,
INTL_ACTORS,un,unbalanced,False,-0.7489,-1.8351,-1.1538,0,0,
RU_POLITICAL,russia,sustainable,False,-0.7945,1.7991,1.1938,0,0,
RU_POLITICAL,russia,closed,False,-0.7945,-0.1917,0.1296,0,0,
INTL_ACTORS,turkey,complex,False,0.0,1.0454,-0.0222,0,0,
UKR_POLITICAL,crimea,factual,False,0.0,-0.3434,0.9916,0,0,
UKR_POLITICAL,crimea,eleventh,False,0.0,-0.071,0.1258,0,0,
RU_POLITICAL,russia,happy,False,-0.8604,0.1755,1.1158,0,0,
INTL_ACTORS,un,undisguised,False,-0.8941,-0.4856,-0.6499,0,0,
UKR_POLITICAL,zelensky,ruthless,False,-0.9048,-0.672,-2.8917,0,0,
RU_POLITICAL,putin,forthcoming,False,0.0,0.3344,0.039,0,0,
INTL_ACTORS,un,unlikely,False,0.0,-0.8203,-0.2337,0,0,
WEST_ACTORS,trump,whole,False,0.0,0.1824,0.6025,0,0,
RU_POLITICAL,russia,special,False,0.0,1.2326,0.2925,0,0,
RU_POLITICAL,putin,ready,False,-0.8925,1.0796,0.7275,0,0,
WEST_ACTORS,trump,unlikely,False,0.0,-0.8203,-0.2337,0,0,
RU_POLITICAL,russia,personal,False,0.0,1.1114,0.7794,0,0,
WEST_ACTORS,trump,careful,False,0.0,0.1482,0.5167,0,0,
INTL_ACTORS,un,special,False,0.0,1.2326,0.2925,0,0,
WEST_ACTORS,eu,sure,False,-0.7111,0.4171,0.5704,0,0,
RU_POLITICAL,russia,secondary,False,-0.7111,0.0413,0.1418,0,0,
UKR_POLITICAL,ukraine,irresponsible,False,-0.8931,-2.9935,-1.6426,0,0,
RU_POLITICAL,russia,liberal,False,0.0,-0.5277,0.2433,0,0,
RU_POLITICAL,russia,runaway,False,0.0,-1.2962,-0.7672,0,0,
INTL_ACTORS,un,rapid,False,-0.7822,0.9915,-0.3066,0,0,
WEST_ACTORS,trump,atypical,False,0.0,-1.0334,-0.3266,0,0,
INTL_ACTORS,un,normal,False,-0.5121,-0.3294,0.5953,0,0,
INTL_ACTORS,un,normal,False,-0.5121,-0.3294,0.5953,0,0,
WEST_ACTORS,trump,comedant,False,-0.6665,0.0,0.0,0,0,
RU_POLITICAL,russia,angry,False,0.0,-1.7447,-0.7775,0,0,
WEST_ACTORS,eu,human,False,-0.792,0.5286,0.3597,0,0,
RU_POLITICAL,moscow,sided,False,-0.6275,-0.0014,-0.2775,0,0,
INTL_ACTORS,un,fraternal,False,0.0,0.1495,0.211,0,0,
INTL_ACTORS,un,social,False,0.0,0.8349,0.5586,0,0,
RU_POLITICAL,russia,ethnic,False,-0.6501,-0.1638,-0.0351,0,0,
INTL_ACTORS,un,historical,False,-0.6501,0.9004,1.0418,0,0,
RU_POLITICAL,russia,ethnic,False,-0.6501,-0.1638,-0.0351,0,0,
INTL_ACTORS,un,historical,False,-0.6501,0.9004,1.0418,0,0,
RU_POLITICAL,russia,least,False,0.0,0.1816,0.5746,0,0,
RU_POLITICAL,russia,cumulative,False,0.0,0.2149,0.0965,0,0,
INTL_ACTORS,un,unicameral,False,0.0,-0.5726,-0.1724,0,0,
RU_POLITICAL,russia,extremist,False,-0.6545,-1.0364,-2.2587,0,0,
INTL_ACTORS,un,fresh,False,-0.6716,0.7479,1.2489,0,0,
RU_POLITICAL,russia,massive,False,-0.7114,0.1972,-0.7881,0,0,
RU_POLITICAL,russia,massive,False,-0.675,0.1972,-0.7881,0,0,
UKR_POLITICAL,ukraine,not_satisfied,True,0.8081,-0.0699,-0.9311,0,0,
UKR_POLITICAL,yermak,dirty,False,-0.8081,-1.3735,-1.1873,0,0,
WEST_ACTORS,eu,lucky,False,0.0,-0.2971,0.4099,0,0,
UKR_POLITICAL,zelensky,lucky,False,0.0,-0.2971,0.4099,0,0,
INTL_ACTORS,un,unknown,False,0.0,-0.4389,-0.4127,0,0,
INTL_ACTORS,un,tripartite,False,0.0,-0.0476,0.082,0,0,
RU_POLITICAL,russia,ready,False,0.0,1.0796,0.7275,0,0,
UKR_POLITICAL,ukraine,entire,False,-0.4936,0.4004,0.2851,0,0,
UKR_POLITICAL,ukraine,ready,False,0.0,1.0796,0.7275,0,0,
WEST_ACTORS,trump,interested,False,0.0,1.1012,0.6024,0,0,
WEST_ACTORS,trump,controversial,False,-0.5678,-0.4314,-0.7313,0,0,
INTL_ACTORS,un,understandable,False,0.0,-0.4257,0.5953,0,0,
UKR_POLITICAL,kiev,wrong,False,0.0,-1.1021,0.0407,0,0,
WEST_ACTORS,trump,massive,False,0.0,0.1972,-0.7881,0,0,
WEST_ACTORS,trump,careful,False,0.0,0.1482,0.5167,0,0,
RU_POLITICAL,putin,bent,False,0.0,-0.2841,-0.5636,0,0,
RU_POLITICAL,putin,flattered,False,0.0,-0.7627,0.4611,0,0,
WEST_ACTORS,trump,alleged,False,0.0,-0.9285,-1.4103,0,0,
WEST_ACTORS,trump,frank,False,-0.5135,-0.2681,0.4615,0,0,
WEST_ACTORS,trump,concerned,False,-0.5135,-0.1456,0.1357,0,0,
WEST_ACTORS,trump,prepared,False,0.0,0.6696,0.5031,0,0,
WEST_ACTORS,trump,practical,False,-0.7028,1.7972,1.1803,0,0,
UKR_POLITICAL,kiev,legitimate,False,-0.8772,-0.1462,0.1693,0,0,
UKR_POLITICAL,zelensky,not_stupid,True,0.7025,1.9337,0.9849,0,0,
INTL_ACTORS,un,ungenerous,False,-0.6751,-1.6096,-0.8808,0,0,
UKR_POLITICAL,zelensky,afraid,False,0.0,-1.1227,-0.2038,0,0,
UKR_POLITICAL,zelensky,right,False,0.0,0.3563,0.7214,0,0,
UKR_POLITICAL,zelensky,questionable,False,-0.7483,-1.5122,-0.7417,0,0,
INTL_ACTORS,un,understandable,False,-0.6279,-0.4257,0.5953,0,0,
UKR_POLITICAL,kiev,ready,False,0.0,1.0796,0.7275,0,0,
RU_POLITICAL,putin,online,False,0.0,1.1173,0.1837,0,0,
UKR_POLITICAL,zelensky,afraid,False,0.0,-1.1227,-0.2038,0,0,
INTL_ACTORS,un,unknown,False,-0.8064,-0.4389,-0.4127,0,0,
UKR_POLITICAL,zelensky,risky,False,-0.5574,-1.3138,-0.9301,0,0,
UKR_POLITICAL,zelensky,bent,False,0.0,-0.2841,-0.5636,0,0,
WEST_ACTORS,trump,realistic,False,0.0,0.964,0.6652,0,0,
INTL_ACTORS,un,unhappy,False,-0.877,-2.2655,-0.3606,0,0,
INTL_ACTORS,un,not_happy,True,0.877,-0.1755,-1.1158,0,0,
WEST_ACTORS,trump,strict,False,0.0,0.2448,-0.0068,0,0,
WEST_ACTORS,trump,secondary,False,0.0,0.0413,0.1418,0,0,
INTL_ACTORS,un,happy,False,-0.6955,0.1755,1.1158,0,0,
INTL_ACTORS,un,due,False,0.0,-0.6619,-0.2705,0,0,
UKR_POLITICAL,kiev,legitimate,False,-0.899,-0.1462,0.1693,0,0,
WEST_ACTORS,trump,acceptable,False,-0.5192,-0.1204,0.3989,0,0,
WEST_ACTORS,trump,dead,False,-0.5192,-0.9736,-0.1385,0,0,
INTL_ACTORS,un,unlikely,False,0.0,-0.8203,-0.2337,0,0,
INTL_ACTORS,un,undesirable,False,-0.7263,-1.4984,-1.0794,0,0,
INTL_ACTORS,un,unacceptable,False,-0.6262,-1.8676,-0.9674,0,0,
RU_POLITICAL,russia,maritime,False,-0.9117,0.8812,0.2004,0,0,
UKR_POLITICAL,zelensky,loyal,False,-0.6783,0.3816,0.2764,0,0,
UKR_POLITICAL,kiev,popular,False,0.0,1.2927,0.3024,0,0,
INTL_ACTORS,un,corrupt,False,-0.7076,-2.0636,-2.9143,0,0,
INTL_ACTORS,un,unprecedented,False,0.0,0.7364,-0.5512,0,0,
UKR_POLITICAL,ukraine,free,False,0.0,1.1814,0.4539,0,0,
UKR_POLITICAL,zelensky,ready,False,0.0,1.0796,0.7275,0,0,
UKR_POLITICAL,zelensky,comedant,False,0.0,0.0,0.0,0,0,
UKR_POLITICAL,zelensky,mental,False,0.0,-0.5425,0.0921,0,0,
UKR_POLITICAL,zelensky,ready,False,0.0,1.0796,0.7275,0,0,
UKR_POLITICAL,zelensky,comedant,False,0.0,0.0,0.0,0,0,
UKR_POLITICAL,zelensky,easy,False,0.0,1.3854,0.9451,0,0,
UKR_POLITICAL,zelensky,noteworthy,False,0.0,0.3604,0.6095,0,0,
INTL_ACTORS,un,unconditional,False,0.0,-0.1656,0.8196,0,0,
UKR_POLITICAL,ukraine,not_much,True,-0.0,-0.4329,-0.583,0,0,
WEST_ACTORS,usa,more,False,0.0,0.8631,0.4455,0,0,
WEST_ACTORS,trump,crazy,False,-0.5137,-0.7883,-0.8271,0,0,
INTL_ACTORS,un,fatal,False,-0.727,-1.0761,-0.6949,0,0,
INTL_ACTORS,un,unprepared,False,-0.727,-2.4821,-0.2569,0,0,
UKR_POLITICAL,crimea,serious,False,0.0,0.0489,0.1019,0,0,
INTL_ACTORS,un,understandable,False,-0.6138,-0.4257,0.5953,0,0,
UKR_POLITICAL,zelensky,prepared,False,0.0,0.6696,0.5031,0,0,
UKR_POLITICAL,ukraine,whole,False,-0.9257,0.1824,0.6025,0,0,
INTL_ACTORS,un,fun,False,0.7078,0.8874,0.9225,0,0,
UKR_POLITICAL,zelensky,frozen,False,-0.7945,-0.581,0.1731,0,0,
RU_POLITICAL,russia,imperial,False,-0.5797,0.0058,-0.6394,0,0,
RU_POLITICAL,russia,imperial,False,0.0,0.0058,-0.6394,0,0,
INTL_ACTORS,un,pompous,False,-0.5499,-2.0601,-0.5139,0,0,
RU_POLITICAL,russia,pissed,False,-0.854,-1.7539,-0.3651,0,0,
INTL_ACTORS,un,understandable,False,0.0,-0.4257,0.5953,0,0,
INTL_ACTORS,un,unlikely,False,0.0,-0.8203,-0.2337,0,0,
UKR_POLITICAL,ukraine,afraid,False,-0.5243,-1.1227,-0.2038,0,0,
UKR_POLITICAL,ukraine,serious,False,-0.795,0.0489,0.1019,0,0,
INTL_ACTORS,un,unexpected,False,0.0,-0.5839,-0.0385,0,0,
INTL_ACTORS,un,uncooled,False,0.0,-0.1322,-0.3722,0,0,
UKR_POLITICAL,ukraine,serious,False,0.0,0.0489,0.1019,0,0,
RU_POLITICAL,putin,dimensional,False,0.0,0.6312,0.0155,0,0,
WEST_ACTORS,eu,pale,False,0.0,-0.9589,0.2256,0,0,
UKR_POLITICAL,kiev,just,False,-0.7355,0.1894,0.6815,0,0,
RU_POLITICAL,russia,ready,False,0.0,1.0796,0.7275,0,0,
RU_POLITICAL,russia,happy,False,-0.607,0.1755,1.1158,0,0,
WEST_ACTORS,eu,traditional,False,0.0,1.3589,0.6595,0,0,
INTL_ACTORS,un,unshaved,False,0.0,-1.1287,0.066,0,0,
RU_POLITICAL,russia,dirty,False,-0.6248,-1.3735,-1.1873,0,0,
INTL_ACTORS,un,unexpected,False,-0.689,-0.5839,-0.0385,0,0,
RU_POLITICAL,russia,dirty,False,-0.6248,-1.3735,-1.1873,0,0,
UKR_POLITICAL,zelensky,dumb,False,-0.8249,-1.7178,-0.6746,0,0,
UKR_POLITICAL,zelensky,primitive,False,-0.8249,-0.4772,-0.2824,1,0,subhuman
UKR_POLITICAL,zelensky,clever,False,0.6929,0.4848,-0.2472,0,0,
UKR_POLITICAL,zelensky,martial,False,0.0,0.3964,-0.2137,0,0,
UKR_POLITICAL,zelensky,ready,False,0.0,1.0796,0.7275,0,0,
UKR_POLITICAL,ukraine,ready,False,0.0,1.0796,0.7275,0,0,
UKR_POLITICAL,zelensky,ready,False,0.0,1.0796,0.7275,0,0,
WEST_ACTORS,nato,fair,False,0.0,0.3062,1.0323,0,0,
WEST_ACTORS,trump,ingenious,False,0.0,0.7672,-0.1812,0,0,
UKR_POLITICAL,zelensky,right,False,0.0,0.3563,0.7214,0,0,
UKR_POLITICAL,zelensky,honest,False,-0.6528,0.0523,1.3339,0,0,
INTL_ACTORS,china,external,False,0.0,0.9673,-0.4673,0,0,
RU_POLITICAL,russia,territorial,False,0.0,-0.1109,-0.4141,0,0,
UKR_POLITICAL,ukraine,just,False,0.0,0.1894,0.6815,0,0,
UKR_POLITICAL,ukraine,territorial,False,0.0,-0.1109,-0.4141,0,0,
RU_POLITICAL,moscow,less,False,0.0,0.1494,0.6223,0,0,
INTL_ACTORS,un,ready,False,0.0,1.0796,0.7275,0,0,
UKR_POLITICAL,ukraine,powerful,False,-0.4824,2.5081,-0.662,0,0,
WEST_ACTORS,usa,haired,False,-0.6098,-0.7193,-0.2621,0,0,
INTL_ACTORS,un,underground,False,-0.6251,0.3217,-0.5611,0,0,
INTL_ACTORS,un,de,False,0.0,0.7246,-0.0265,0,0,
UKR_POLITICAL,kiev,golden,False,-0.7983,0.1688,0.7158,0,0,
WEST_ACTORS,usa,terrorist,False,-0.5343,-0.5389,-2.5498,0,0,
UKR_POLITICAL,zelensky,indirect,False,0.0,0.1593,-0.3996,0,0,
INTL_ACTORS,turkey,irrelevant,False,0.0,-1.8424,-0.1363,0,0,
RU_POLITICAL,russia,simple,False,-0.7337,1.1249,0.9273,0,0,
INTL_ACTORS,un,exclusive,False,0.0,1.5764,0.6313,0,0,
INTL_ACTORS,un,unknown,False,0.0,-0.4389,-0.4127,0,0,
RU_POLITICAL,putin,willing,False,-0.713,0.0487,0.4851,0,0,
WEST_ACTORS,eu,serious,False,-0.5722,0.0489,0.1019,0,0,
WEST_ACTORS,eu,serious,False,-0.5722,0.0489,0.1019,0,0,
WEST_ACTORS,eu,upper,False,-0.5722,0.4736,0.3348,0,0,
WEST_ACTORS,usa,inexperienced,False,0.0,-1.8643,-0.4389,0,0,
INTL_ACTORS,un,intransigent,False,0.0,-1.8181,-1.3436,0,0,
INTL_ACTORS,un,ideal,False,0.0,1.8023,1.1721,0,0,
INTL_ACTORS,un,unshakeable,False,0.0,-0.3611,0.8165,0,0,
UKR_POLITICAL,kiev,present,False,0.0,0.745,0.4826,0,0,
CIVILIANS,refugees,special,False,0.7143,1.2326,0.2925,0,0,
WEST_ACTORS,trump,whole,False,-0.6324,0.1824,0.6025,0,0,
RU_POLITICAL,russia,dirty,False,-0.564,-1.3735,-1.1873,0,0,
RU_POLITICAL,russia,social,False,-0.6037,0.8349,0.5586,0,0,
RU_POLITICAL,moscow,reminiscent,False,-0.7056,-0.3523,-0.0523,0,0,
UKR_POLITICAL,zelensky,ready,False,-0.642,1.0796,0.7275,0,0,
UKR_POLITICAL,zelensky,logical,False,0.0,0.505,0.4526,0,0,
CIVILIANS,civilians,spare,False,-0.4925,0.1363,0.5599,0,0,
INTL_ACTORS,un,unsinkable,False,0.0,-0.3854,0.2855,0,0,
INTL_ACTORS,un,understandable,False,0.0,-0.4257,0.5953,0,0,
INTL_ACTORS,un,understandable,False,0.0,-0.4257,0.5953,0,0,
INTL_ACTORS,un,illiterate,False,0.0,-2.3621,-0.8772,0,0,
CIVILIANS,civilians,ruthless,False,-0.8163,-0.672,-2.8917,0,0,
UKR_POLITICAL,kiev,affected,False,0.0,-0.8805,-0.1379,0,0,
UKR_POLITICAL,ukraine,bloody,False,-0.7325,-1.4043,-1.1541,0,0,
WEST_ACTORS,eu,entire,False,0.0,0.4004,0.2851,0,0,
WEST_ACTORS,eu,entire,False,0.0,0.4004,0.2851,0,0,
UKR_POLITICAL,kiev,tasty,False,0.0,0.2338,0.8929,0,0,
INTL_ACTORS,un,gigantic,False,-0.7011,-0.1327,-0.5388,0,0,
WEST_ACTORS,eu,entire,False,-0.8698,0.4004,0.2851,0,0,
UKR_POLITICAL,ukraine,sad,False,-0.7102,-1.7051,0.2023,0,0,
UKR_POLITICAL,zelensky,afraid,False,0.0,-1.1227,-0.2038,0,0,
UKR_POLITICAL,ukraine,further,False,0.0,0.679,0.1394,0,0,
RU_POLITICAL,russia,present,False,-0.7493,0.745,0.4826,0,0,
RU_POLITICAL,russia,colonial,False,0.0,-0.0433,-0.2383,0,0,
RU_POLITICAL,russia,negative,False,-0.8491,-0.7781,-0.3727,0,0,
WEST_ACTORS,usa,notorious,False,0.0,-0.9227,-2.1139,0,0,
UKR_POLITICAL,zelensky,happy,False,-0.668,0.1755,1.1158,0,0,
INTL_ACTORS,turkey,ready,False,0.0,1.0796,0.7275,0,0,
WEST_ACTORS,usa,natural,False,0.0,1.2376,1.0435,0,0,
INTL_ACTORS,un,unlikely,False,-0.7557,-0.8203,-0.2337,0,0,
WEST_ACTORS,trump,happy,False,0.0,0.1755,1.1158,0,0,
RU_POLITICAL,russia,geopolitical,False,-0.6073,-0.0148,-0.6893,0,0,
WEST_ACTORS,trump,pleased,False,0.9033,1.1523,0.6671,0,0,
RU_POLITICAL,russia,historical,False,0.0,0.9004,1.0418,0,0,
RU_POLITICAL,russia,geographical,False,0.0,0.7301,0.4195,0,0,
RU_POLITICAL,russia,worth,False,0.728,0.531,1.1333,0,0,
INTL_ACTORS,un,undesirable,False,-0.5284,-1.4984,-1.0794,0,0,
INTL_ACTORS,un,undesirable,False,-0.5284,-1.4984,-1.0794,0,0,
RU_POLITICAL,russia,friendly,False,0.8229,1.4366,1.1115,0,0,
RU_POLITICAL,russia,loud,False,0.8229,-0.7503,0.0464,0,0,
RU_POLITICAL,russia,historical,False,-0.7594,0.9004,1.0418,0,0,
INTL_ACTORS,un,notorious,False,0.0,-0.9227,-2.1139,0,0,
INTL_ACTORS,un,unambiguous,False,-0.7718,0.0668,0.4589,0,0,
RU_POLITICAL,russia,raw,False,0.0,0.5019,-0.1184,0,0,
WEST_ACTORS,usa,notorious,False,0.0,-0.9227,-2.1139,0,0,
WEST_ACTORS,trump,pleased,False,0.9749,1.1523,0.6671,0,0,
UKR_POLITICAL,ukraine,happy,False,0.7862,0.1755,1.1158,0,0,
UKR_POLITICAL,ukraine,legislative,False,0.0,-0.0384,-0.2913,0,0,
INTL_ACTORS,un,essential,False,0.5164,1.225,1.1167,0,0,
WEST_ACTORS,trump,permanentity,False,-0.7935,0.0,0.0,0,0,
WEST_ACTORS,trump,violent,False,-0.6649,-1.3491,-1.8348,0,0,
WEST_ACTORS,eu,neutral,False,0.0,0.2469,0.8183,0,0,
WEST_ACTORS,eu,friendly,False,0.0,1.4366,1.1115,0,0,
WEST_ACTORS,trump,presidential,False,0.0,-0.373,0.0565,0,0,
INTL_ACTORS,un,unhealthy,False,-0.729,-1.9509,-0.9896,0,0,
INTL_ACTORS,un,temporary,False,0.0,-0.5069,0.0551,0,0,
WEST_ACTORS,usa,grand,False,0.0,0.7464,0.6349,0,0,
UKR_POLITICAL,kiev,treacherous,False,-0.7672,-1.3288,-1.8354,0,0,
WEST_ACTORS,trump,concrete,False,0.0,0.7924,0.5239,0,0,
INTL_ACTORS,un,unique,False,0.0,2.2745,0.857,0,0,
RU_POLITICAL,putin,dental,False,0.0,0.5048,0.1404,0,0,
WEST_ACTORS,eu,reminiscent,False,0.0,-0.3523,-0.0523,0,0,
UKR_POLITICAL,zelensky,reminiscent,False,0.0,-0.3523,-0.0523,0,0,
INTL_ACTORS,un,unmanned,False,0.0,0.6656,-0.4279,0,0,
WEST_ACTORS,eu,insane,False,-0.7804,-1.2053,-1.5376,0,0,
RU_POLITICAL,russia,disgusting,False,-0.8289,-2.2454,-1.8581,0,0,
UKR_POLITICAL,ukraine,equivalent,False,0.0,0.6379,0.1339,0,0,
UKR_POLITICAL,zelensky,more,False,0.4952,0.8631,0.4455,0,0,
INTL_ACTORS,un,understandable,False,0.0,-0.4257,0.5953,0,0,
RU_POLITICAL,putin,ready,False,0.0,1.0796,0.7275,0,0,
INTL_ACTORS,un,understandable,False,0.0,-0.4257,0.5953,0,0,
UKR_POLITICAL,zelensky,understandable,False,0.6474,-0.4257,0.5953,0,0,
WEST_ACTORS,trump,condescending,False,0.0,-1.978,-0.4568,0,0,
WEST_ACTORS,eu,triumphant,False,0.7928,-0.3484,0.2811,0,0,
INTL_ACTORS,un,primary,False,0.0,0.6692,0.274,0,0,
INTL_ACTORS,un,sexual,False,0.0,-0.4752,-0.2653,0,0,
WEST_ACTORS,usa,unclear,False,0.0,-1.4318,-0.4139,0,0,
WEST_ACTORS,eu,unclear,False,0.0,-1.4318,-0.4139,0,0,
RU_POLITICAL,russia,decent,False,0.7712,0.3747,1.0074,0,0,
WEST_ACTORS,nato,scary,False,-0.7788,-0.8839,-1.0931,0,0,
INTL_ACTORS,un,unsolved,False,-0.7202,-0.7617,-0.7464,0,0,
INTL_ACTORS,un,unaware,False,0.0,-1.2789,-0.3031,0,0,
UKR_POLITICAL,ukraine,similar,False,-0.7411,0.4569,-0.0274,0,0,
WEST_ACTORS,nato,entire,False,-0.8388,0.4004,0.2851,0,0,
RU_POLITICAL,russia,hypothetical,False,0.0,-0.5877,0.1857,0,0,
WEST_ACTORS,usa,famous,False,0.0,0.7723,0.5259,0,0,
WEST_ACTORS,usa,famous,False,0.0,0.7723,0.5259,0,0,
RU_POLITICAL,russia,hypothetical,False,0.0,-0.5877,0.1857,0,0,
WEST_ACTORS,nato,entire,False,0.0,0.4004,0.2851,0,0,
RU_POLITICAL,russia,hypothetical,False,0.0,-0.5877,0.1857,0,0,
RU_POLITICAL,russia,hypothetical,False,0.0,-0.5877,0.1857,0,0,
RU_POLITICAL,russia,hypothetical,False,0.0,-0.5877,0.1857,0,0,
RU_POLITICAL,russia,hypothetical,False,-0.5496,-0.5877,0.1857,0,0,
RU_POLITICAL,russia,collective,False,-0.6481,0.1211,0.3669,0,0,
INTL_ACTORS,un,entire,False,0.0,0.4004,0.2851,0,0,
RU_POLITICAL,russia,unloved,False,-0.8228,-3.0733,-0.7095,0,0,
INTL_ACTORS,un,least,False,-0.638,0.1816,0.5746,0,0,
RU_POLITICAL,russia,presumptuous,False,0.0,-2.0262,-0.3031,0,0,
INTL_ACTORS,un,understandable,False,-0.505,-0.4257,0.5953,0,0,
UKR_POLITICAL,zelensky,not_pathetic,True,-0.0,2.4455,0.8109,0,0,
WEST_ACTORS,usa,remarkable,False,0.0,1.238,0.8918,0,0,
UKR_POLITICAL,ukraine,right,False,0.0,0.3563,0.7214,0,0,
INTL_ACTORS,un,unlikely,False,-0.4911,-0.8203,-0.2337,0,0,
WEST_ACTORS,eu,rich,False,0.0,0.8542,0.3544,0,0,
UKR_POLITICAL,ukraine,sorry,False,0.0,-1.314,0.1527,0,0,
RU_POLITICAL,russia,terrorist,False,-0.8529,-0.5389,-2.5498,0,0,
INTL_ACTORS,un,fascinating,False,0.0,0.6372,0.6028,0,0,
INTL_ACTORS,un,unfortunate,False,0.0,-1.7696,-0.5343,0,0,
RU_POLITICAL,russia,extremist,False,-0.8319,-1.0364,-2.2587,0,0,
RU_POLITICAL,russia,modest,False,0.0,0.3721,1.1369,0,0,
RU_POLITICAL,russia,healthy,False,-0.5667,0.5096,1.4202,0,0,
WEST_ACTORS,usa,ridiculous,False,-0.8455,-1.5848,-0.7096,0,0,
RU_POLITICAL,russia,stoic,False,-0.8455,-0.9537,0.7564,0,0,
WEST_ACTORS,usa,dead,False,0.0,-0.9736,-0.1385,0,0,
RU_POLITICAL,russia,simple,False,0.0,1.1249,0.9273,0,0,
RU_POLITICAL,russia,lost,False,-0.5965,-0.7154,0.3039,0,0,
UKR_POLITICAL,zelensky,monstrous,False,0.0,-0.6596,-1.7122,0,0,
UKR_POLITICAL,ukraine,destructive,False,-0.6002,-1.023,-2.0518,0,0,
UKR_POLITICAL,ukraine,hostile,False,-0.6002,-1.1626,-1.6131,0,0,
RU_POLITICAL,russia,underground,False,0.0,0.3217,-0.5611,0,0,
RU_POLITICAL,russia,technical,False,0.0,1.635,0.1399,0,0,
WEST_ACTORS,eu,alive,False,0.0,0.0146,0.4595,0,0,
INTL_ACTORS,un,entire,False,0.0,0.4004,0.2851,0,0,
RU_POLITICAL,russia,not_serious,True,0.641,-0.0489,-0.1019,0,0,
INTL_ACTORS,un,transformative,False,-0.7438,0.7874,0.6377,0,0,
RU_POLITICAL,russia,special,False,-0.683,1.2326,0.2925,0,0,
WEST_ACTORS,eu,simple,False,0.0,1.1249,0.9273,0,0,
RU_POLITICAL,russia,alleged,False,-0.8505,-0.9285,-1.4103,0,0,
RU_POLITICAL,russia,cultural,False,0.5282,0.8317,0.6877,0,0,
RU_POLITICAL,russia,cultural,False,0.5282,0.8317,0.6877,0,0,
RU_POLITICAL,russia,obsessive,False,0.0,-1.1218,-1.1425,0,0,
INTL_ACTORS,un,unsatisfied,False,0.0,-1.9354,-0.0187,0,0,
UKR_POLITICAL,ukraine,well,False,0.7823,1.1192,0.5754,0,0,
RU_POLITICAL,russia,treacherous,False,-0.8301,-1.3288,-1.8354,0,0,
RU_POLITICAL,russia,warm,False,-0.7516,0.6601,1.4065,0,0,
INTL_ACTORS,un,hypothetical,False,0.0,-0.5877,0.1857,0,0,
WEST_ACTORS,nato,discriminatory,False,-0.5877,-1.5938,-1.7063,0,0,
RU_POLITICAL,russia,treacherous,False,-0.5718,-1.3288,-1.8354,0,0,
UKR_POLITICAL,ukraine,surprised,False,0.0,-0.2833,0.4679,0,0,
UKR_POLITICAL,ukraine,acceptable,False,0.0,-0.1204,0.3989,0,0,
WEST_ACTORS,trump,free,False,0.0,1.1814,0.4539,0,0,
WEST_ACTORS,trump,free,False,0.5416,1.1814,0.4539,0,0,
INTL_ACTORS,un,unnecessary,False,-0.8008,-1.521,-0.7946,0,0,
INTL_ACTORS,un,emotional,False,-0.8008,-0.5752,0.8114,0,0,
RU_POLITICAL,russia,special,False,-0.6861,1.2326,0.2925,0,0,
INTL_ACTORS,un,responsible,False,-0.9032,0.5115,-0.2948,0,0,
INTL_ACTORS,un,emotional,False,-0.91,-0.5752,0.8114,0,0,
RU_POLITICAL,russia,humiliating,False,-0.9229,-2.2016,-1.1608,0,0,
RU_POLITICAL,russia,insulting,False,-0.9229,-1.9366,-0.8228,0,0,
INTL_ACTORS,un,entire,False,-0.9229,0.4004,0.2851,0,0,
INTL_ACTORS,un,journalistic,False,-0.9229,-0.3468,0.8087,0,0,
INTL_ACTORS,un,tragic,False,-0.8782,-1.4874,-0.1761,0,0,
INTL_ACTORS,un,unrecoverable,False,-0.7239,-1.5292,-0.6604,0,0,
UKR_POLITICAL,ukraine,normal,False,-0.5131,-0.3294,0.5953,0,0,
UKR_POLITICAL,kiev,noteworthy,False,0.0,0.3604,0.6095,0,0,
INTL_ACTORS,un,unscathed,False,0.0,-1.3734,0.1448,0,0,
INTL_ACTORS,un,terrorist,False,-0.5219,-0.5389,-2.5498,0,0,
WEST_ACTORS,eu,neutral,False,-0.6576,0.2469,0.8183,0,0,
INTL_ACTORS,un,stunning,False,0.0,1.3169,0.9791,0,0,
UKR_POLITICAL,kiev,serious,False,-0.6313,0.0489,0.1019,0,0,
RU_POLITICAL,russia,not_ripe,True,0.7532,0.0663,-0.3567,0,0,
UKR_POLITICAL,ukraine,free,False,0.0,1.1814,0.4539,0,0,
UKR_POLITICAL,kiev,scary,False,-0.5152,-0.8839,-1.0931,0,0,
RU_POLITICAL,russia,cheap,False,-0.859,0.3061,0.0257,0,0,
WEST_ACTORS,eu,sure,False,0.0,0.4171,0.5704,0,0,
INTL_ACTORS,un,unsatisfied,False,0.0,-1.9354,-0.0187,0,0,
INTL_ACTORS,un,cheap,False,0.0,0.3061,0.0257,0,0,
UKR_POLITICAL,ukraine,ready,False,0.0,1.0796,0.7275,0,0,
UKR_POLITICAL,zelensky,illegal,False,0.0,-1.0007,-1.5436,0,0,
UKR_POLITICAL,zelensky,corrupt,False,0.0,-2.0636,-2.9143,0,0,
INTL_ACTORS,un,alleged,False,-0.6687,-0.9285,-1.4103,0,0,
RU_POLITICAL,russia,terrible,False,-0.897,-1.5544,-0.955,0,0,
INTL_ACTORS,un,neighbouring,False,0.0,-0.3053,0.0403,0,0,
INTL_ACTORS,un,neighbouring,False,0.0,-0.3053,0.0403,0,0,
INTL_ACTORS,un,obvious,False,-0.6766,-0.5387,0.0115,0,0,
UKR_POLITICAL,zelensky,comedant,False,0.0,0.0,0.0,0,0,
UKR_POLITICAL,ukraine,dead,False,0.0,-0.9736,-0.1385,0,0,
UKR_POLITICAL,ukraine,proud,False,-0.8486,0.9729,0.5059,0,0,
UKR_POLITICAL,ukraine,poor,False,-0.7655,-1.7811,-0.1785,0,0,
UKR_POLITICAL,ukraine,poor,False,0.0,-1.7811,-0.1785,0,0,
RU_POLITICAL,putin,malign,False,-0.5471,-1.3367,-1.6144,0,0,
RU_POLITICAL,putin,pleased,False,0.49,1.1523,0.6671,0,0,
UKR_POLITICAL,kiev,frozen,False,0.0,-0.581,0.1731,0,0,
UKR_POLITICAL,ukraine,extinct,False,-0.908,-0.5992,-0.1425,0,0,
