Entity,Label,Role,Verb,Voice,Sentiment,Uncertainty,Is_Violent,Is_Pronoun,Identity_Group
ukraine,UKR_POLITICAL,PATIENT,draw,active,-0.629923939704895,0.0,False,False,NAMED_ENTITY
ukraine,UKR_POLITICAL,PATIENT,understand,active,-0.629923939704895,0.0,False,False,NAMED_ENTITY
they,OUT_GROUP,AGENT,win,active,-0.6532337069511414,0.0,False,True,OUT_GROUP
we,IN_GROUP,AGENT,talk,active,0.0,0.0,False,True,IN_GROUP
we,IN_GROUP,AGENT,say,active,0.0,0.0,False,True,IN_GROUP
russia,RU_POLITICAL,PATIENT,leave,active,-0.7049531936645508,0.0,False,False,NAMED_ENTITY
ukraine,UKR_POLITICAL,AGENT,cease,active,-0.7049531936645508,0.0,False,False,NAMED_ENTITY
we,IN_GROUP,AGENT,remember,active,0.0,0.0,False,True,IN_GROUP
un,INTL_ACTORS,AGENT,form,active,0.0,0.05,False,False,NAMED_ENTITY
we,IN_GROUP,PATIENT,build,active,0.0,0.05,False,True,IN_GROUP
ukraine,UKR_POLITICAL,PATIENT,build,active,0.0,0.05,False,False,NAMED_ENTITY
ukraine,UKR_POLITICAL,PATIENT,preserve,active,0.0,0.05,False,False,NAMED_ENTITY
ukraine,UKR_POLITICAL,PATIENT,build,passive,0.0,0.0435,False,False,NAMED_ENTITY
un,INTL_ACTORS,PATIENT,find,active,-0.7831463813781738,0.0,False,False,NAMED_ENTITY
ukraine,UKR_POLITICAL,PATIENT,intend,passive,0.0,0.0323,False,False,NAMED_ENTITY
russia,RU_POLITICAL,AGENT,form,active,0.0,0.0147,False,False,NAMED_ENTITY
usa,WEST_ACTORS,AGENT,join,active,0.0,0.0,False,False,NAMED_ENTITY
russia,RU_POLITICAL,PATIENT,join,active,0.0,0.0,False,False,NAMED_ENTITY
we,IN_GROUP,AGENT,find,active,0.0,0.0161,False,True,IN_GROUP
russia,RU_POLITICAL,PATIENT,find,active,0.0,0.0161,False,False,NAMED_ENTITY
russia,RU_POLITICAL,PATIENT,understand,active,0.0,0.0,False,False,NAMED_ENTITY
ukraine,UKR_POLITICAL,PATIENT,draw,active,0.0,0.0,False,False,NAMED_ENTITY
ukraine,UKR_POLITICAL,AGENT,move,active,0.0,0.0,False,False,NAMED_ENTITY
they,OUT_GROUP,AGENT,wait,active,0.0,0.0323,False,True,OUT_GROUP
russia,RU_POLITICAL,AGENT,think,active,0.0,0.0,False,False,NAMED_ENTITY
russia,RU_POLITICAL,AGENT,allow,active,-0.8239041566848755,0.0333,False,False,NAMED_ENTITY
eu,WEST_ACTORS,AGENT,resist,active,0.0,0.0345,False,False,NAMED_ENTITY
usa,WEST_ACTORS,AGENT,shape,active,0.0,0.0,False,False,NAMED_ENTITY
usa,WEST_ACTORS,PATIENT,shape,active,0.0,0.0,False,False,NAMED_ENTITY
ukraine,UKR_POLITICAL,AGENT,confirm,active,-0.9355854392051697,0.0,False,False,NAMED_ENTITY
un,INTL_ACTORS,AGENT,come,active,-0.6612040400505066,0.0,False,False,NAMED_ENTITY
ukraine,UKR_POLITICAL,AGENT,go,active,0.0,0.0,False,False,NAMED_ENTITY
we,IN_GROUP,AGENT,say,active,-0.7288185954093933,0.0435,False,True,IN_GROUP
ukraine,UKR_POLITICAL,AGENT,bear,active,-0.7288185954093933,0.0435,False,False,NAMED_ENTITY
ukraine,UKR_POLITICAL,AGENT,reach,active,-0.5660058856010437,0.0,False,False,NAMED_ENTITY
ukraine,UKR_POLITICAL,PATIENT,start,active,-0.5660058856010437,0.0,False,False,NAMED_ENTITY
un,INTL_ACTORS,AGENT,remain,active,-0.7456293702125549,0.0,False,False,NAMED_ENTITY
we,IN_GROUP,AGENT,miss,active,-0.5341871976852417,0.0,False,True,IN_GROUP
un,INTL_ACTORS,PATIENT,claim,active,0.0,0.3333,False,False,NAMED_ENTITY
un,INTL_ACTORS,AGENT,miss,active,0.0,0.0278,False,False,NAMED_ENTITY
donetsk,UKR_POLITICAL,AGENT,continue,active,-0.6572094559669495,0.0,False,False,NAMED_ENTITY
un,INTL_ACTORS,AGENT,run,active,0.0,0.0,False,False,NAMED_ENTITY
un,INTL_ACTORS,PATIENT,create,active,0.0,0.0179,False,False,NAMED_ENTITY
russia,RU_POLITICAL,PATIENT,bring,active,-0.5907647609710693,0.0,False,False,NAMED_ENTITY
we,IN_GROUP,AGENT,look,active,0.0,0.0,False,True,IN_GROUP
russia,RU_POLITICAL,PATIENT,achieve,active,-0.825742244720459,0.0,False,False,NAMED_ENTITY
russia,RU_POLITICAL,AGENT,achieve,active,-0.825742244720459,0.0,False,False,NAMED_ENTITY
russia,RU_POLITICAL,PATIENT,lead,active,-0.6768101453781128,0.0119,False,False,NAMED_ENTITY
un,INTL_ACTORS,PATIENT,form,active,0.0,0.0417,False,False,NAMED_ENTITY
un,INTL_ACTORS,AGENT,unite,active,0.0,0.0417,False,False,NAMED_ENTITY
we,IN_GROUP,AGENT,consider,active,0.0,0.0263,False,True,IN_GROUP
ukraine,UKR_POLITICAL,AGENT,consider,active,0.0,0.0263,False,False,NAMED_ENTITY
russia,RU_POLITICAL,PATIENT,take,active,0.0,0.0256,False,False,NAMED_ENTITY
russia,RU_POLITICAL,PATIENT,limit,active,0.0,0.0256,False,False,NAMED_ENTITY
un,INTL_ACTORS,PATIENT,prepare,active,-0.5031745433807373,0.0588,False,False,NAMED_ENTITY
russia,RU_POLITICAL,PATIENT,prevent,active,0.0,0.0,False,False,NAMED_ENTITY
russia,RU_POLITICAL,PATIENT,use,active,0.0,0.0,False,False,NAMED_ENTITY
russia,RU_POLITICAL,PATIENT,deprive,active,0.0,0.0,False,False,NAMED_ENTITY
ukraine,UKR_POLITICAL,AGENT,raise,active,-0.7661019563674927,0.0,False,False,NAMED_ENTITY
russia,RU_POLITICAL,PATIENT,raise,active,-0.7661019563674927,0.0,False,False,NAMED_ENTITY
ukraine,UKR_POLITICAL,PATIENT,explain,active,-0.7661019563674927,0.0,False,False,NAMED_ENTITY
un,INTL_ACTORS,PATIENT,define,active,0.0,0.0,False,False,NAMED_ENTITY
un,INTL_ACTORS,PATIENT,unite,active,0.0,0.0,False,False,NAMED_ENTITY
russia,RU_POLITICAL,PATIENT,do,active,0.0,0.0,False,False,NAMED_ENTITY
russia,RU_POLITICAL,AGENT,do,active,0.0,0.0,False,False,NAMED_ENTITY
russia,RU_POLITICAL,PATIENT,take,active,-0.5901523232460022,0.0,False,False,NAMED_ENTITY
russia,RU_POLITICAL,PATIENT,violate,active,-0.5901523232460022,0.0,False,False,NAMED_ENTITY
un,INTL_ACTORS,PATIENT,begin,active,-0.5901523232460022,0.0,False,False,NAMED_ENTITY
ukraine,UKR_POLITICAL,PATIENT,deploy,active,-0.5901523232460022,0.0,False,False,NAMED_ENTITY
ukraine,UKR_POLITICAL,PATIENT,break,active,-0.6750022172927856,0.0,False,False,NAMED_ENTITY
ukraine,UKR_POLITICAL,AGENT,break,active,-0.6750022172927856,0.0,False,False,NAMED_ENTITY
we,IN_GROUP,AGENT,need,active,-0.513375461101532,0.0909,False,True,IN_GROUP
russia,RU_POLITICAL,PATIENT,remember,active,-0.513375461101532,0.0909,False,False,NAMED_ENTITY
russia,RU_POLITICAL,PATIENT,forget,passive,-0.513375461101532,0.0909,False,False,NAMED_ENTITY
ukraine,UKR_POLITICAL,AGENT,find,active,0.0,0.0172,False,False,NAMED_ENTITY
un,INTL_ACTORS,PATIENT,find,active,0.0,0.0172,False,False,NAMED_ENTITY
we,IN_GROUP,AGENT,prepare,active,-0.7310822606086731,0.0,False,True,IN_GROUP
crimea,UKR_POLITICAL,PATIENT,prepare,active,-0.7310822606086731,0.0,False,False,NAMED_ENTITY
russia,RU_POLITICAL,PATIENT,capture,active,-0.7310822606086731,0.0,False,False,NAMED_ENTITY
russia,RU_POLITICAL,AGENT,put,active,-0.7310822606086731,0.0,False,False,NAMED_ENTITY
un,INTL_ACTORS,PATIENT,launch,active,-0.7310822606086731,0.0,False,False,NAMED_ENTITY
we,IN_GROUP,PATIENT,drag,active,-0.7310822606086731,0.0,False,True,IN_GROUP
russia,RU_POLITICAL,AGENT,launch,active,-0.755276083946228,0.0,False,False,NAMED_ENTITY
un,INTL_ACTORS,PATIENT,launch,active,-0.755276083946228,0.0,False,False,NAMED_ENTITY
ukraine,UKR_POLITICAL,PATIENT,limit,passive,-0.8436754941940308,0.0,False,False,NAMED_ENTITY
russia,RU_POLITICAL,AGENT,focus,active,0.0,0.0294,False,False,NAMED_ENTITY
ukraine,UKR_POLITICAL,PATIENT,repel,active,0.0,0.0294,False,False,NAMED_ENTITY
ukraine,UKR_POLITICAL,AGENT,try,active,0.0,0.0,False,False,NAMED_ENTITY
un,INTL_ACTORS,PATIENT,prepare,active,0.0,0.0,False,False,NAMED_ENTITY
russia,RU_POLITICAL,AGENT,focus,active,0.0,0.0,False,False,NAMED_ENTITY
russia,RU_POLITICAL,PATIENT,focus,active,0.0,0.0,False,False,NAMED_ENTITY
russia,RU_POLITICAL,PATIENT,suppose,passive,0.0,0.0,False,False,NAMED_ENTITY
russia,RU_POLITICAL,AGENT,try,active,0.0,0.0,False,False,NAMED_ENTITY
russia,RU_POLITICAL,PATIENT,use,active,0.0,0.0,False,False,NAMED_ENTITY
ukraine,UKR_POLITICAL,AGENT,use,active,-0.55759197473526,0.0,False,False,NAMED_ENTITY
ukraine,UKR_POLITICAL,AGENT,find,active,-0.55759197473526,0.0,False,False,NAMED_ENTITY
un,INTL_ACTORS,PATIENT,find,active,-0.55759197473526,0.0,False,False,NAMED_ENTITY
we,IN_GROUP,PATIENT,remind,active,-0.4986855983734131,0.0,False,True,IN_GROUP
ukraine,UKR_POLITICAL,AGENT,find,active,0.0,0.0,False,False,NAMED_ENTITY
un,INTL_ACTORS,PATIENT,find,active,0.0,0.0,False,False,NAMED_ENTITY
ukraine,UKR_POLITICAL,PATIENT,size,active,0.0,0.0,False,False,NAMED_ENTITY
ukraine,UKR_POLITICAL,AGENT,find,active,0.0,0.0,False,False,NAMED_ENTITY
un,INTL_ACTORS,PATIENT,find,active,0.0,0.0,False,False,NAMED_ENTITY
ukraine,UKR_POLITICAL,AGENT,find,active,0.0,0.0,False,False,NAMED_ENTITY
un,INTL_ACTORS,PATIENT,find,active,0.0,0.0,False,False,NAMED_ENTITY
ukraine,UKR_POLITICAL,PATIENT,preserve,active,0.0,0.0,False,False,NAMED_ENTITY
ukraine,UKR_POLITICAL,AGENT,find,active,0.0,0.0,False,False,NAMED_ENTITY
un,INTL_ACTORS,PATIENT,find,active,0.0,0.0,False,False,NAMED_ENTITY
ukraine,UKR_POLITICAL,PATIENT,give,active,0.0,0.0,False,False,NAMED_ENTITY
ukraine,UKR_POLITICAL,AGENT,find,active,0.0,0.0,False,False,NAMED_ENTITY
un,INTL_ACTORS,PATIENT,find,active,0.0,0.0,False,False,NAMED_ENTITY
ukraine,UKR_POLITICAL,PATIENT,make,active,0.0,0.0,False,False,NAMED_ENTITY
ukraine,UKR_POLITICAL,AGENT,find,active,0.0,0.0,False,False,NAMED_ENTITY
un,INTL_ACTORS,PATIENT,find,active,0.0,0.0,False,False,NAMED_ENTITY
ukraine,UKR_POLITICAL,AGENT,find,active,0.0,0.0,False,False,NAMED_ENTITY
ukraine,UKR_POLITICAL,AGENT,survive,active,0.0,0.0,False,False,NAMED_ENTITY
ukraine,UKR_POLITICAL,AGENT,find,active,0.0,0.0,False,False,NAMED_ENTITY
un,INTL_ACTORS,PATIENT,find,active,0.0,0.0,False,False,NAMED_ENTITY
russia,RU_POLITICAL,AGENT,set,active,0.0,0.0357,False,False,NAMED_ENTITY
russia,RU_POLITICAL,AGENT,influence,active,0.0,0.0357,False,False,NAMED_ENTITY
russia,RU_POLITICAL,AGENT,set,active,0.0,0.0357,False,False,NAMED_ENTITY
russia,RU_POLITICAL,AGENT,go,active,0.0,0.0,False,False,NAMED_ENTITY
ukraine,UKR_POLITICAL,AGENT,undergo,active,-0.5412024855613708,0.0,False,False,NAMED_ENTITY
un,INTL_ACTORS,PATIENT,undergo,active,-0.5412024855613708,0.0,False,False,NAMED_ENTITY
ukraine,UKR_POLITICAL,AGENT,have,active,-0.5412024855613708,0.0,False,False,NAMED_ENTITY
russia,RU_POLITICAL,AGENT,increase,active,0.0,0.0,False,False,NAMED_ENTITY
russia,RU_POLITICAL,PATIENT,increase,active,0.0,0.0,False,False,NAMED_ENTITY
un,INTL_ACTORS,PATIENT,estimate,passive,0.0,0.0,False,False,NAMED_ENTITY
un,INTL_ACTORS,PATIENT,repel,active,0.0,0.0,False,False,NAMED_ENTITY
ukraine,UKR_POLITICAL,AGENT,have,active,0.0,0.0,False,False,NAMED_ENTITY
russia,RU_POLITICAL,AGENT,envisage,active,0.0,0.0,False,False,NAMED_ENTITY
russia,RU_POLITICAL,AGENT,allow,active,0.0,0.0286,False,False,NAMED_ENTITY
russia,RU_POLITICAL,PATIENT,estimate,passive,0.0,0.0,False,False,NAMED_ENTITY
un,INTL_ACTORS,PATIENT,conduct,active,0.0,0.0,False,False,NAMED_ENTITY
ukraine,UKR_POLITICAL,AGENT,have,active,0.0,0.0278,False,False,NAMED_ENTITY
russia,RU_POLITICAL,AGENT,give,active,0.0,0.0,False,False,NAMED_ENTITY
un,INTL_ACTORS,PATIENT,give,active,0.0,0.0,False,False,NAMED_ENTITY
russia,RU_POLITICAL,PATIENT,achieve,active,0.0,0.0,False,False,NAMED_ENTITY
russia,RU_POLITICAL,AGENT,begin,active,0.0,0.0,False,False,NAMED_ENTITY
we,IN_GROUP,AGENT,have,active,-0.9302241802215576,0.0,False,True,IN_GROUP
ukraine,UKR_POLITICAL,AGENT,number,active,0.0,0.0,False,False,NAMED_ENTITY
ukraine,UKR_POLITICAL,PATIENT,number,active,0.0,0.0,False,False,NAMED_ENTITY
ukraine,UKR_POLITICAL,AGENT,await,active,-0.6874223351478577,0.0,False,False,NAMED_ENTITY
ukraine,UKR_POLITICAL,PATIENT,await,active,-0.6874223351478577,0.0,False,False,NAMED_ENTITY
un,INTL_ACTORS,AGENT,lead,active,-0.8772163987159729,0.0,False,False,NAMED_ENTITY
ukraine,UKR_POLITICAL,AGENT,meet,active,-0.5402808785438538,0.0,False,False,NAMED_ENTITY
russia,RU_POLITICAL,PATIENT,meet,active,-0.5402808785438538,0.0,False,False,NAMED_ENTITY
un,INTL_ACTORS,PATIENT,increase,passive,0.0,0.0,False,False,NAMED_ENTITY
russia,RU_POLITICAL,AGENT,rank,active,0.0,0.0,False,False,NAMED_ENTITY
ukraine,UKR_POLITICAL,AGENT,rank,active,0.0,0.0,False,False,NAMED_ENTITY
russia,RU_POLITICAL,AGENT,increase,active,0.0,0.0,False,False,NAMED_ENTITY
russia,RU_POLITICAL,PATIENT,increase,active,0.0,0.0,False,False,NAMED_ENTITY
russia,RU_POLITICAL,AGENT,outnumber,active,0.0,0.0,False,False,NAMED_ENTITY
russia,RU_POLITICAL,PATIENT,outnumber,active,0.0,0.0,False,False,NAMED_ENTITY
russia,RU_POLITICAL,AGENT,increase,active,0.0,0.0,False,False,NAMED_ENTITY
ukraine,UKR_POLITICAL,AGENT,happen,active,-0.6262167692184448,0.0,False,False,NAMED_ENTITY
we,IN_GROUP,AGENT,strive,active,0.0,0.0,False,True,IN_GROUP
we,IN_GROUP,AGENT,reject,active,0.0,0.0189,False,True,IN_GROUP
we,IN_GROUP,AGENT,pay,active,-0.7575836777687073,0.0,False,True,IN_GROUP
ukraine,UKR_POLITICAL,PATIENT,include,active,0.0,0.0286,False,False,NAMED_ENTITY
russia,RU_POLITICAL,PATIENT,confront,active,0.0,0.0286,False,False,NAMED_ENTITY
russia,RU_POLITICAL,PATIENT,deprive,active,-0.5180097222328186,0.0,False,False,NAMED_ENTITY
russia,RU_POLITICAL,AGENT,implement,active,0.0,0.0833,False,False,NAMED_ENTITY
russia,RU_POLITICAL,PATIENT,achieve,active,0.0,0.0,False,False,NAMED_ENTITY
un,INTL_ACTORS,PATIENT,understand,active,0.0,0.0,False,False,NAMED_ENTITY
un,INTL_ACTORS,PATIENT,counter,active,-0.8186127543449402,0.0139,False,False,NAMED_ENTITY
ukraine,UKR_POLITICAL,AGENT,save,active,-0.6947212219238281,0.1429,False,False,NAMED_ENTITY
ukraine,UKR_POLITICAL,PATIENT,save,active,-0.6947212219238281,0.1429,False,False,NAMED_ENTITY
we,IN_GROUP,AGENT,reach,active,0.0,0.0,False,True,IN_GROUP
ukraine,UKR_POLITICAL,AGENT,support,active,-0.6662973761558533,0.0,False,False,NAMED_ENTITY
un,INTL_ACTORS,PATIENT,occupy,active,-0.6662973761558533,0.0,False,False,NAMED_ENTITY
russia,RU_POLITICAL,PATIENT,direct,passive,0.0,0.0,False,False,NAMED_ENTITY
russia,RU_POLITICAL,PATIENT,stop,passive,-0.7294778823852539,0.0769,False,False,NAMED_ENTITY
russia,RU_POLITICAL,AGENT,perceive,active,-0.7676701545715332,0.0,False,False,NAMED_ENTITY
russia,RU_POLITICAL,PATIENT,perceive,active,-0.7676701545715332,0.0,False,False,NAMED_ENTITY
we,IN_GROUP,AGENT,act,active,0.0,0.0,False,True,IN_GROUP
un,INTL_ACTORS,PATIENT,run,active,-0.8296580910682678,0.0,False,False,NAMED_ENTITY
ukraine,UKR_POLITICAL,AGENT,state,active,0.0,0.0,False,False,NAMED_ENTITY
ukraine,UKR_POLITICAL,AGENT,sign,active,0.0,0.0,False,False,NAMED_ENTITY
eu,WEST_ACTORS,AGENT,sit,active,0.0,0.0,False,False,NAMED_ENTITY
putin,RU_POLITICAL,AGENT,advise,active,0.0,0.0,False,False,NAMED_ENTITY
putin,RU_POLITICAL,PATIENT,advise,active,0.0,0.0,False,False,NAMED_ENTITY
putin,RU_POLITICAL,PATIENT,massage,active,0.0,0.0,False,False,NAMED_ENTITY
putin,RU_POLITICAL,AGENT,perform,active,-0.5031961798667908,0.0,False,False,NAMED_ENTITY
putin,RU_POLITICAL,AGENT,present,active,0.0,0.0,False,False,NAMED_ENTITY
putin,RU_POLITICAL,PATIENT,present,active,0.0,0.0,False,False,NAMED_ENTITY
usa,WEST_ACTORS,AGENT,appear,active,-0.567652702331543,0.0556,False,False,NAMED_ENTITY
putin,RU_POLITICAL,AGENT,watch,active,-0.4996395409107208,0.0,False,False,NAMED_ENTITY
putin,RU_POLITICAL,PATIENT,watch,active,-0.4996395409107208,0.0,False,False,NAMED_ENTITY
putin,RU_POLITICAL,PATIENT,start,active,-0.4996395409107208,0.0,False,False,NAMED_ENTITY
putin,RU_POLITICAL,AGENT,start,active,-0.4996395409107208,0.0,False,False,NAMED_ENTITY
we,IN_GROUP,AGENT,change,active,-0.7372387647628784,0.0909,False,True,IN_GROUP
we,IN_GROUP,AGENT,destroy,active,-0.8105036020278931,0.0625,True,True,IN_GROUP
russia,RU_POLITICAL,PATIENT,destroy,active,-0.8105036020278931,0.0625,True,False,NAMED_ENTITY
russia,RU_POLITICAL,AGENT,try,active,-0.8105036020278931,0.0625,False,False,NAMED_ENTITY
ukraine,UKR_POLITICAL,PATIENT,destroy,active,-0.8105036020278931,0.0625,True,False,NAMED_ENTITY
ukraine,UKR_POLITICAL,AGENT,mean,active,0.0,0.0,False,False,NAMED_ENTITY
un,INTL_ACTORS,AGENT,have,active,0.0,0.0,False,False,NAMED_ENTITY
russia,RU_POLITICAL,AGENT,pass,active,-0.6078794598579407,0.0,False,False,NAMED_ENTITY
russia,RU_POLITICAL,PATIENT,pass,active,-0.6078794598579407,0.0,False,False,NAMED_ENTITY
russia,RU_POLITICAL,AGENT,pass,active,0.0,0.0,False,False,NAMED_ENTITY
russia,RU_POLITICAL,AGENT,end,active,-0.754576563835144,0.0,False,False,NAMED_ENTITY
ukraine,UKR_POLITICAL,AGENT,exist,active,-0.754576563835144,0.0,False,False,NAMED_ENTITY
russia,RU_POLITICAL,AGENT,exist,active,-0.754576563835144,0.0,False,False,NAMED_ENTITY
we,IN_GROUP,AGENT,choose,active,-0.5587888956069946,0.0,False,True,IN_GROUP
russia,RU_POLITICAL,AGENT,determine,active,-0.5192962884902954,0.0,False,False,NAMED_ENTITY
russia,RU_POLITICAL,PATIENT,determine,active,-0.5192962884902954,0.0,False,False,NAMED_ENTITY
un,INTL_ACTORS,PATIENT,divide,active,-0.8178330063819885,0.0,False,False,NAMED_ENTITY
un,INTL_ACTORS,PATIENT,launch,active,0.0,0.0,False,False,NAMED_ENTITY
ukraine,UKR_POLITICAL,AGENT,have,active,0.0,0.0,False,False,NAMED_ENTITY
un,INTL_ACTORS,PATIENT,have,active,0.0,0.0,False,False,NAMED_ENTITY
usa,WEST_ACTORS,PATIENT,use,passive,-0.529150128364563,0.0,False,False,NAMED_ENTITY
ukraine,UKR_POLITICAL,AGENT,seize,active,0.0,0.0,False,False,NAMED_ENTITY
we,IN_GROUP,AGENT,need,active,0.0,0.0,False,True,IN_GROUP
ukraine,UKR_POLITICAL,PATIENT,represent,active,0.0,0.0,False,False,NAMED_ENTITY
yermak,UKR_POLITICAL,PATIENT,send,active,-0.7613884806632996,0.0,False,False,NAMED_ENTITY
ukraine,UKR_POLITICAL,PATIENT,surround,active,0.0,0.0,False,False,NAMED_ENTITY
russia,RU_POLITICAL,AGENT,use,active,-0.6671052575111389,0.0,False,False,NAMED_ENTITY
russia,RU_POLITICAL,AGENT,launch,active,-0.8095731139183044,0.0,False,False,NAMED_ENTITY
russia,RU_POLITICAL,PATIENT,launch,active,-0.8095731139183044,0.0,False,False,NAMED_ENTITY
ukraine,UKR_POLITICAL,PATIENT,want,active,-0.8095731139183044,0.0,False,False,NAMED_ENTITY
ukraine,UKR_POLITICAL,AGENT,drag,active,-0.8095731139183044,0.0,False,False,NAMED_ENTITY
ukraine,UKR_POLITICAL,PATIENT,drag,active,-0.8095731139183044,0.0,False,False,NAMED_ENTITY
ukraine,UKR_POLITICAL,PATIENT,pressure,active,-0.710978090763092,0.0,False,False,NAMED_ENTITY
ukraine,UKR_POLITICAL,PATIENT,surround,active,0.0,0.0,False,False,NAMED_ENTITY
un,INTL_ACTORS,AGENT,undermine,active,-0.7877214550971985,0.0,False,False,NAMED_ENTITY
un,INTL_ACTORS,PATIENT,undermine,active,-0.7877214550971985,0.0,False,False,NAMED_ENTITY
ukraine,UKR_POLITICAL,AGENT,declare,active,0.0,0.0,False,False,NAMED_ENTITY
kiev,UKR_POLITICAL,PATIENT,declare,active,0.0,0.0,False,False,NAMED_ENTITY
ukraine,UKR_POLITICAL,PATIENT,surround,active,0.0,0.0625,False,False,NAMED_ENTITY
trump,WEST_ACTORS,PATIENT,intend,passive,0.0,0.0345,False,False,NAMED_ENTITY
trump,WEST_ACTORS,AGENT,put,active,0.0,0.0769,False,False,NAMED_ENTITY
trump,WEST_ACTORS,PATIENT,freeze,active,0.0,0.0,False,False,NAMED_ENTITY
un,INTL_ACTORS,AGENT,want,active,0.0,0.0,False,False,NAMED_ENTITY
un,INTL_ACTORS,PATIENT,understand,active,0.0,0.0,False,False,NAMED_ENTITY
eu,WEST_ACTORS,AGENT,mean,active,-0.8750267028808594,0.0,False,False,NAMED_ENTITY
eu,WEST_ACTORS,PATIENT,mean,active,-0.8750267028808594,0.0,False,False,NAMED_ENTITY
we,IN_GROUP,AGENT,become,active,0.0,0.0,False,True,IN_GROUP
china,INTL_ACTORS,AGENT,wait,active,0.0,0.0,False,False,NAMED_ENTITY
eu,WEST_ACTORS,AGENT,need,active,0.0,0.0,False,False,NAMED_ENTITY
ukraine,UKR_POLITICAL,PATIENT,need,active,0.0,0.0,False,False,NAMED_ENTITY
we,IN_GROUP,PATIENT,confront,passive,0.0,0.0645,False,True,IN_GROUP
un,INTL_ACTORS,PATIENT,fulfil,active,-0.7975611090660095,0.125,False,False,NAMED_ENTITY
un,INTL_ACTORS,PATIENT,give,active,-0.6893215775489807,0.08,False,False,NAMED_ENTITY
ukraine,UKR_POLITICAL,AGENT,establish,active,0.0,0.0,False,False,NAMED_ENTITY
we,IN_GROUP,AGENT,want,active,-0.7542951107025146,0.0,False,True,IN_GROUP
we,IN_GROUP,AGENT,have,active,-0.7631468176841736,0.0,False,True,IN_GROUP
we,IN_GROUP,AGENT,do,active,-0.8936524391174316,0.0,False,True,IN_GROUP
we,IN_GROUP,AGENT,die,active,-0.8936524391174316,0.0,False,True,IN_GROUP
russia,RU_POLITICAL,AGENT,win,active,-0.8936524391174316,0.0,False,False,NAMED_ENTITY
russia,RU_POLITICAL,AGENT,have,active,-0.8716121315956116,0.0,False,False,NAMED_ENTITY
ukraine,UKR_POLITICAL,PATIENT,kill,active,-0.8716121315956116,0.0,True,False,NAMED_ENTITY
ukraine,UKR_POLITICAL,AGENT,care,active,-0.9244531393051147,0.0,False,False,NAMED_ENTITY
ukraine,UKR_POLITICAL,AGENT,die,active,-0.9244531393051147,0.0,False,False,NAMED_ENTITY
ukraine,UKR_POLITICAL,AGENT,care,active,-0.8853519558906555,0.0,False,False,NAMED_ENTITY
ukraine,UKR_POLITICAL,AGENT,lack,active,-0.8928144574165344,0.0,False,False,NAMED_ENTITY
eu,WEST_ACTORS,PATIENT,transform,active,0.804526686668396,0.0,False,False,NAMED_ENTITY
un,INTL_ACTORS,PATIENT,announce,passive,0.0,0.0,False,False,NAMED_ENTITY
ukraine,UKR_POLITICAL,AGENT,know,active,0.0,0.0,False,False,NAMED_ENTITY
we,IN_GROUP,AGENT,have,active,0.0,0.0,False,True,IN_GROUP
we,IN_GROUP,AGENT,know,active,0.0,0.0,False,True,IN_GROUP
un,INTL_ACTORS,PATIENT,stain,passive,-0.8674154877662659,0.0,False,False,NAMED_ENTITY
un,INTL_ACTORS,AGENT,stain,passive,-0.8674154877662659,0.0,False,False,NAMED_ENTITY
ukraine,UKR_POLITICAL,AGENT,have,active,0.0,0.0,False,False,NAMED_ENTITY
usa,WEST_ACTORS,AGENT,add,active,-0.6689369082450867,0.0,False,False,NAMED_ENTITY
usa,WEST_ACTORS,PATIENT,add,active,-0.6689369082450867,0.0,False,False,NAMED_ENTITY
usa,WEST_ACTORS,AGENT,write,active,0.0,0.0,False,False,NAMED_ENTITY
usa,WEST_ACTORS,PATIENT,write,active,0.0,0.0,False,False,NAMED_ENTITY
we,IN_GROUP,AGENT,split,active,0.0,0.0,False,True,IN_GROUP
russia,RU_POLITICAL,PATIENT,split,active,0.0,0.0,False,False,NAMED_ENTITY
ukraine,UKR_POLITICAL,PATIENT,help,active,-0.5922529101371765,0.0,False,False,NAMED_ENTITY
trump,WEST_ACTORS,AGENT,include,active,-0.5836364030838013,0.0,False,False,NAMED_ENTITY
russia,RU_POLITICAL,PATIENT,include,active,-0.5836364030838013,0.0,False,False,NAMED_ENTITY
russia,RU_POLITICAL,PATIENT,put,passive,-0.5836364030838013,0.0,False,False,NAMED_ENTITY
russia,RU_POLITICAL,PATIENT,put,passive,-0.6909223198890686,0.0,False,False,NAMED_ENTITY
we,IN_GROUP,AGENT,let,active,-0.8570480346679688,0.0,False,True,IN_GROUP
un,INTL_ACTORS,PATIENT,destroy,active,-0.8570480346679688,0.0,True,False,NAMED_ENTITY
we,IN_GROUP,AGENT,need,active,0.0,0.0,False,True,IN_GROUP
we,IN_GROUP,AGENT,need,active,0.0,0.0,False,True,IN_GROUP
kremlin,RU_POLITICAL,AGENT,survive,active,0.8140619993209839,0.0,False,False,NAMED_ENTITY
we,IN_GROUP,AGENT,live,active,-0.6609879732131958,0.0,False,True,IN_GROUP
kiev,UKR_POLITICAL,AGENT,storm,active,-0.6609879732131958,0.0,False,False,NAMED_ENTITY
kiev,UKR_POLITICAL,PATIENT,storm,active,-0.6609879732131958,0.0,False,False,NAMED_ENTITY
we,IN_GROUP,AGENT,survive,active,-0.5927894115447998,0.0,False,True,IN_GROUP
we,IN_GROUP,PATIENT,give,passive,-0.5927894115447998,0.0,False,True,IN_GROUP
we,IN_GROUP,PATIENT,say,passive,-0.5927894115447998,0.0,False,True,IN_GROUP
trump,WEST_ACTORS,AGENT,demand,active,-0.9160993099212646,0.0,False,False,NAMED_ENTITY
putin,RU_POLITICAL,PATIENT,meet,active,-0.9160993099212646,0.0,False,False,NAMED_ENTITY
trump,WEST_ACTORS,AGENT,blackmail,active,-0.9255293011665344,0.0,False,False,NAMED_ENTITY
un,INTL_ACTORS,PATIENT,blackmail,active,-0.9255293011665344,0.0,False,False,NAMED_ENTITY
un,INTL_ACTORS,PATIENT,stop,active,-0.9255293011665344,0.0,False,False,NAMED_ENTITY
trump,WEST_ACTORS,AGENT,help,active,-0.9269696474075317,0.0,False,False,NAMED_ENTITY
trump,WEST_ACTORS,PATIENT,have,active,0.0,0.0,False,False,NAMED_ENTITY
trump,WEST_ACTORS,PATIENT,have,active,0.0,0.0,False,False,NAMED_ENTITY
we,IN_GROUP,AGENT,believe,active,0.0,0.0,False,True,IN_GROUP
un,INTL_ACTORS,AGENT,need,active,0.0,0.0,False,False,NAMED_ENTITY
un,INTL_ACTORS,PATIENT,need,active,0.0,0.0,False,False,NAMED_ENTITY
trump,WEST_ACTORS,AGENT,shove,active,-0.9309231638908386,0.0,False,False,NAMED_ENTITY
trump,WEST_ACTORS,PATIENT,shove,active,-0.9309231638908386,0.0,False,False,NAMED_ENTITY
un,INTL_ACTORS,PATIENT,strengthen,active,-0.6840688586235046,0.0,False,False,NAMED_ENTITY
trump,WEST_ACTORS,AGENT,split,active,-0.6840688586235046,0.0,False,False,NAMED_ENTITY
un,INTL_ACTORS,PATIENT,split,active,-0.6840688586235046,0.0,False,False,NAMED_ENTITY
ukraine,UKR_POLITICAL,AGENT,agree,active,0.0,0.0,False,False,NAMED_ENTITY
putin,RU_POLITICAL,AGENT,try,active,-0.7694664001464844,0.0,False,False,NAMED_ENTITY
trump,WEST_ACTORS,AGENT,issue,active,0.0,0.0,False,False,NAMED_ENTITY
trump,WEST_ACTORS,AGENT,show,active,0.0,0.0,False,False,NAMED_ENTITY
trump,WEST_ACTORS,PATIENT,show,active,0.0,0.0,False,False,NAMED_ENTITY
trump,WEST_ACTORS,AGENT,try,active,0.0,0.0,False,False,NAMED_ENTITY
ukraine,UKR_POLITICAL,AGENT,challenge,active,-0.7510291934013367,0.0,False,False,NAMED_ENTITY
ukraine,UKR_POLITICAL,AGENT,face,active,-0.7510291934013367,0.0,False,False,NAMED_ENTITY
un,INTL_ACTORS,AGENT,become,active,0.0,0.0213,False,False,NAMED_ENTITY
putin,RU_POLITICAL,PATIENT,force,active,-0.6750208139419556,0.0476,False,False,NAMED_ENTITY
putin,RU_POLITICAL,PATIENT,make,active,-0.6750208139419556,0.0476,False,False,NAMED_ENTITY
ukraine,UKR_POLITICAL,AGENT,hold,active,0.5284407734870911,0.037,False,False,NAMED_ENTITY
ukraine,UKR_POLITICAL,PATIENT,hold,active,0.5284407734870911,0.037,False,False,NAMED_ENTITY
ukraine,UKR_POLITICAL,AGENT,do,active,0.5284407734870911,0.037,False,False,NAMED_ENTITY
ukraine,UKR_POLITICAL,PATIENT,defend,active,0.0,0.0,False,False,NAMED_ENTITY
ukraine,UKR_POLITICAL,AGENT,need,active,0.0,0.0,False,False,NAMED_ENTITY
ukraine,UKR_POLITICAL,PATIENT,need,active,0.0,0.0,False,False,NAMED_ENTITY
ukraine,UKR_POLITICAL,AGENT,have,active,0.0,0.0192,False,False,NAMED_ENTITY
un,INTL_ACTORS,PATIENT,have,active,0.0,0.0192,False,False,NAMED_ENTITY
trump,WEST_ACTORS,PATIENT,counter,active,0.0,0.0192,False,False,NAMED_ENTITY
ukraine,UKR_POLITICAL,AGENT,become,active,0.0,0.0192,False,False,NAMED_ENTITY
ukraine,UKR_POLITICAL,AGENT,depend,active,0.0,0.0,False,False,NAMED_ENTITY
nato,WEST_ACTORS,AGENT,support,active,0.0,0.0,False,False,NAMED_ENTITY
nato,WEST_ACTORS,PATIENT,support,active,0.0,0.0,False,False,NAMED_ENTITY
ukraine,UKR_POLITICAL,AGENT,believe,active,-0.7500628232955933,0.0,False,False,NAMED_ENTITY
they,OUT_GROUP,AGENT,wait,active,0.0,0.0,False,True,OUT_GROUP
ukraine,UKR_POLITICAL,PATIENT,strengthen,active,-0.5725739598274231,0.0,False,False,NAMED_ENTITY
ukraine,UKR_POLITICAL,AGENT,agree,active,-0.5725739598274231,0.0,False,False,NAMED_ENTITY
ukraine,UKR_POLITICAL,PATIENT,defend,active,-0.5690535306930542,0.0,False,False,NAMED_ENTITY
ukraine,UKR_POLITICAL,AGENT,agree,active,0.0,0.0,False,False,NAMED_ENTITY
russia,RU_POLITICAL,PATIENT,lift,active,0.0,0.0,False,False,NAMED_ENTITY
russia,RU_POLITICAL,AGENT,mean,active,0.0,0.0,False,False,NAMED_ENTITY
russia,RU_POLITICAL,AGENT,restore,active,0.0,0.0,False,False,NAMED_ENTITY
russia,RU_POLITICAL,PATIENT,restore,active,0.0,0.0,False,False,NAMED_ENTITY
un,INTL_ACTORS,PATIENT,increase,active,0.0,0.0,False,False,NAMED_ENTITY
ukraine,UKR_POLITICAL,AGENT,renounce,active,0.0,0.0,False,False,NAMED_ENTITY
ukraine,UKR_POLITICAL,PATIENT,renounce,active,0.0,0.0,False,False,NAMED_ENTITY
nato,WEST_ACTORS,PATIENT,join,active,0.0,0.0,False,False,NAMED_ENTITY
ukraine,UKR_POLITICAL,PATIENT,amend,active,0.0,0.0,False,False,NAMED_ENTITY
nato,WEST_ACTORS,PATIENT,station,passive,0.0,0.0,False,False,NAMED_ENTITY
ukraine,UKR_POLITICAL,AGENT,reduce,active,0.0,0.0,False,False,NAMED_ENTITY
ukraine,UKR_POLITICAL,PATIENT,reduce,active,0.0,0.0,False,False,NAMED_ENTITY
we,IN_GROUP,AGENT,see,active,0.0,0.0556,False,True,IN_GROUP
trump,WEST_ACTORS,AGENT,work,active,0.0,0.0556,False,False,NAMED_ENTITY
usa,WEST_ACTORS,AGENT,hand,active,0.0,0.0,False,False,NAMED_ENTITY
un,INTL_ACTORS,PATIENT,set,active,-0.5143216848373413,0.0682,False,False,NAMED_ENTITY
ukraine,UKR_POLITICAL,PATIENT,have,active,-0.5143216848373413,0.0682,False,False,NAMED_ENTITY
ukraine,UKR_POLITICAL,AGENT,have,active,-0.5143216848373413,0.0682,False,False,NAMED_ENTITY
ukraine,UKR_POLITICAL,AGENT,want,active,-0.5143216848373413,0.0682,False,False,NAMED_ENTITY
russia,RU_POLITICAL,AGENT,cease,active,-0.5143216848373413,0.0682,False,False,NAMED_ENTITY
ukraine,UKR_POLITICAL,AGENT,cede,active,0.0,0.0,False,False,NAMED_ENTITY
donetsk,UKR_POLITICAL,PATIENT,cede,active,0.0,0.0,False,False,NAMED_ENTITY
ukraine,UKR_POLITICAL,AGENT,cede,active,0.0,0.0,False,False,NAMED_ENTITY
russia,RU_POLITICAL,PATIENT,occupy,active,0.0,0.0,False,False,NAMED_ENTITY
russia,RU_POLITICAL,AGENT,occupy,active,0.0,0.0,False,False,NAMED_ENTITY
ukraine,UKR_POLITICAL,AGENT,agree,active,0.0,0.0,False,False,NAMED_ENTITY
russia,RU_POLITICAL,PATIENT,occupy,active,0.0,0.0,False,False,NAMED_ENTITY
russia,RU_POLITICAL,AGENT,occupy,active,0.0,0.0,False,False,NAMED_ENTITY
trump,WEST_ACTORS,AGENT,come,active,-0.7691211104393005,0.0,False,False,NAMED_ENTITY
trump,WEST_ACTORS,AGENT,swing,active,0.0,0.0,False,False,NAMED_ENTITY
russia,RU_POLITICAL,AGENT,evaluate,active,-0.9042981863021851,0.0,False,False,NAMED_ENTITY
trump,WEST_ACTORS,PATIENT,evaluate,active,-0.9042981863021851,0.0,False,False,NAMED_ENTITY
zelensky,UKR_POLITICAL,AGENT,articulate,active,-0.4976956248283386,0.0,False,False,NAMED_ENTITY
zelensky,UKR_POLITICAL,PATIENT,articulate,active,-0.4976956248283386,0.0,False,False,NAMED_ENTITY
ukraine,UKR_POLITICAL,AGENT,face,active,-0.7992420792579651,0.1,False,False,NAMED_ENTITY
un,INTL_ACTORS,PATIENT,give,active,0.0,0.0,False,False,NAMED_ENTITY
un,INTL_ACTORS,AGENT,feel,active,-0.8758145570755005,0.0,False,False,NAMED_ENTITY
un,INTL_ACTORS,AGENT,reject,active,-0.7100561857223511,0.0244,False,False,NAMED_ENTITY
un,INTL_ACTORS,AGENT,reject,active,-0.8079625964164734,0.0,False,False,NAMED_ENTITY
eu,WEST_ACTORS,PATIENT,thwart,passive,-0.8079625964164734,0.0,False,False,NAMED_ENTITY
eu,WEST_ACTORS,AGENT,plan,active,-0.8079625964164734,0.0,False,False,NAMED_ENTITY
russia,RU_POLITICAL,AGENT,become,active,0.0,0.1,False,False,NAMED_ENTITY
russia,RU_POLITICAL,AGENT,have,active,0.0,0.0,False,False,NAMED_ENTITY
russia,RU_POLITICAL,PATIENT,have,active,0.0,0.0,False,False,NAMED_ENTITY
russia,RU_POLITICAL,PATIENT,allow,passive,-0.7652056813240051,0.0286,False,False,NAMED_ENTITY
putin,RU_POLITICAL,AGENT,say,active,0.0,0.0,False,False,NAMED_ENTITY
usa,WEST_ACTORS,PATIENT,lie,active,-0.8174414038658142,0.0,False,False,NAMED_ENTITY
putin,RU_POLITICAL,AGENT,say,active,-0.7829176783561707,0.0,False,False,NAMED_ENTITY
russia,RU_POLITICAL,AGENT,become,active,-0.7829176783561707,0.0,False,False,NAMED_ENTITY
russia,RU_POLITICAL,AGENT,become,active,-0.5497210621833801,0.0435,False,False,NAMED_ENTITY
russia,RU_POLITICAL,AGENT,produce,active,0.0,0.0909,False,False,NAMED_ENTITY
un,INTL_ACTORS,PATIENT,produce,active,0.0,0.0909,False,False,NAMED_ENTITY
russia,RU_POLITICAL,AGENT,have,active,0.0,0.0,False,False,NAMED_ENTITY
russia,RU_POLITICAL,PATIENT,have,active,0.0,0.0,False,False,NAMED_ENTITY
un,INTL_ACTORS,AGENT,provide,active,0.0,0.0,False,False,NAMED_ENTITY
un,INTL_ACTORS,PATIENT,provide,active,0.0,0.0,False,False,NAMED_ENTITY
russia,RU_POLITICAL,AGENT,try,active,0.0,0.0,False,False,NAMED_ENTITY
they,OUT_GROUP,AGENT,shave,active,0.0,0.0,False,True,OUT_GROUP
we,IN_GROUP,AGENT,shave,active,0.0,0.0,False,True,IN_GROUP
they,OUT_GROUP,AGENT,wear,active,0.0,0.0,False,True,OUT_GROUP
they,OUT_GROUP,AGENT,study,active,0.0,0.0,False,True,OUT_GROUP
un,INTL_ACTORS,PATIENT,understand,active,-0.6841052770614624,0.0435,False,False,NAMED_ENTITY
russia,RU_POLITICAL,AGENT,have,active,0.9563378095626831,0.0,False,False,NAMED_ENTITY
russia,RU_POLITICAL,PATIENT,have,active,0.9563378095626831,0.0,False,False,NAMED_ENTITY
russia,RU_POLITICAL,AGENT,take,active,-0.5249443650245667,0.0,False,False,NAMED_ENTITY
russia,RU_POLITICAL,PATIENT,take,active,-0.5249443650245667,0.0,False,False,NAMED_ENTITY
ukraine,UKR_POLITICAL,PATIENT,fill,active,-0.5249443650245667,0.0,False,False,NAMED_ENTITY
russia,RU_POLITICAL,PATIENT,buy,active,0.0,0.0,False,False,NAMED_ENTITY
russia,RU_POLITICAL,PATIENT,ban,passive,0.0,0.0,False,False,NAMED_ENTITY
china,INTL_ACTORS,AGENT,remain,active,0.0,0.0,False,False,NAMED_ENTITY
we,IN_GROUP,AGENT,have,active,0.0,0.0,False,True,IN_GROUP
russia,RU_POLITICAL,AGENT,have,active,0.0,0.0,False,False,NAMED_ENTITY
nato,WEST_ACTORS,AGENT,resign,active,0.0,0.0,False,False,NAMED_ENTITY
donetsk,UKR_POLITICAL,AGENT,oppose,active,0.0,0.0,False,False,NAMED_ENTITY
eu,WEST_ACTORS,PATIENT,sign,active,-0.5986766219139099,0.0,False,False,NAMED_ENTITY
kiev,UKR_POLITICAL,AGENT,trigger,active,-0.5224398970603943,0.0,False,False,NAMED_ENTITY
ukraine,UKR_POLITICAL,AGENT,dismiss,active,0.0,0.0,False,False,NAMED_ENTITY
ukraine,UKR_POLITICAL,PATIENT,create,active,0.0,0.0,False,False,NAMED_ENTITY
kiev,UKR_POLITICAL,PATIENT,take,active,0.0,0.0,False,False,NAMED_ENTITY
ukraine,UKR_POLITICAL,PATIENT,block,passive,-0.7264435887336731,0.0,False,False,NAMED_ENTITY
ukraine,UKR_POLITICAL,AGENT,open,active,0.0,0.0,False,False,NAMED_ENTITY
ukraine,UKR_POLITICAL,PATIENT,attend,passive,-0.5324611663818359,0.0,False,False,NAMED_ENTITY
un,INTL_ACTORS,PATIENT,wound,passive,-0.5001169443130493,0.0,True,False,NAMED_ENTITY
ukraine,UKR_POLITICAL,PATIENT,introduce,active,0.0,0.0,False,False,NAMED_ENTITY
russia,RU_POLITICAL,PATIENT,border,active,0.0,0.0,False,False,NAMED_ENTITY
ukraine,UKR_POLITICAL,AGENT,end,active,0.0,0.0,False,False,NAMED_ENTITY
ukraine,UKR_POLITICAL,AGENT,occur,active,0.0,0.0,False,False,NAMED_ENTITY
we,IN_GROUP,AGENT,look,active,0.0,0.0,False,True,IN_GROUP
we,IN_GROUP,AGENT,have,active,0.0,0.0,False,True,IN_GROUP
ukraine,UKR_POLITICAL,AGENT,impose,active,0.0,0.0,False,False,NAMED_ENTITY
russia,RU_POLITICAL,PATIENT,impose,active,0.0,0.0,False,False,NAMED_ENTITY
we,IN_GROUP,AGENT,know,active,0.0,0.0,False,True,IN_GROUP
un,INTL_ACTORS,PATIENT,bring,active,0.0,0.0,False,False,NAMED_ENTITY
russia,RU_POLITICAL,PATIENT,nullify,active,0.0,0.0,False,False,NAMED_ENTITY
ukraine,UKR_POLITICAL,PATIENT,balance,active,0.0,0.0,False,False,NAMED_ENTITY
ukraine,UKR_POLITICAL,AGENT,have,active,0.0,0.0,False,False,NAMED_ENTITY
ukraine,UKR_POLITICAL,AGENT,invent,active,0.0,0.0,False,False,NAMED_ENTITY
russia,RU_POLITICAL,PATIENT,stop,active,0.0,0.0,False,False,NAMED_ENTITY
ukraine,UKR_POLITICAL,AGENT,win,active,0.0,0.0,False,False,NAMED_ENTITY
russia,RU_POLITICAL,AGENT,stop,active,-0.7977473735809326,0.0,False,False,NAMED_ENTITY
russia,RU_POLITICAL,AGENT,stop,active,-0.7977473735809326,0.0,False,False,NAMED_ENTITY
russia,RU_POLITICAL,AGENT,lose,active,-0.7977473735809326,0.0,False,False,NAMED_ENTITY
russia,RU_POLITICAL,PATIENT,lose,active,-0.7977473735809326,0.0,False,False,NAMED_ENTITY
russia,RU_POLITICAL,AGENT,crumble,active,-0.7977473735809326,0.0,False,False,NAMED_ENTITY
russia,RU_POLITICAL,PATIENT,use,active,-0.6207054853439331,0.0,False,False,NAMED_ENTITY
ukraine,UKR_POLITICAL,PATIENT,remind,active,0.0,0.0714,False,False,NAMED_ENTITY
ukraine,UKR_POLITICAL,AGENT,win,active,0.0,0.0714,False,False,NAMED_ENTITY
russia,RU_POLITICAL,PATIENT,win,active,0.0,0.0714,False,False,NAMED_ENTITY
russia,RU_POLITICAL,AGENT,use,active,-0.8302068114280701,0.0,False,False,NAMED_ENTITY
russia,RU_POLITICAL,PATIENT,use,active,-0.8302068114280701,0.0,False,False,NAMED_ENTITY
russia,RU_POLITICAL,AGENT,push,active,0.0,0.0,False,False,NAMED_ENTITY
russia,RU_POLITICAL,AGENT,launch,active,-0.5648166537284851,0.0,False,False,NAMED_ENTITY
russia,RU_POLITICAL,PATIENT,launch,active,-0.5648166537284851,0.0,False,False,NAMED_ENTITY
russia,RU_POLITICAL,AGENT,have,active,0.0,0.0,False,False,NAMED_ENTITY
russia,RU_POLITICAL,AGENT,hypnotize,active,0.0,0.0278,False,False,NAMED_ENTITY
russia,RU_POLITICAL,PATIENT,hypnotize,active,0.0,0.0278,False,False,NAMED_ENTITY
russia,RU_POLITICAL,AGENT,work,active,-0.8322445154190063,0.0,False,False,NAMED_ENTITY
ukraine,UKR_POLITICAL,PATIENT,engage,passive,0.0,0.0,False,False,NAMED_ENTITY
ukraine,UKR_POLITICAL,AGENT,hold,active,-0.5070637464523315,0.0,False,False,NAMED_ENTITY
ukraine,UKR_POLITICAL,AGENT,seem,active,0.0,0.0833,False,False,NAMED_ENTITY
ukraine,UKR_POLITICAL,AGENT,use,active,0.0,0.0833,False,False,NAMED_ENTITY
un,INTL_ACTORS,PATIENT,use,active,0.0,0.0833,False,False,NAMED_ENTITY
ukraine,UKR_POLITICAL,PATIENT,emphasize,active,0.0,0.0,False,False,NAMED_ENTITY
ukraine,UKR_POLITICAL,AGENT,win,active,0.0,0.1667,False,False,NAMED_ENTITY
ukraine,UKR_POLITICAL,AGENT,remind,active,0.0,0.0,False,False,NAMED_ENTITY
ukraine,UKR_POLITICAL,PATIENT,remind,active,0.0,0.0,False,False,NAMED_ENTITY
ukraine,UKR_POLITICAL,AGENT,surpass,active,0.8960282802581787,0.0,False,False,NAMED_ENTITY
russia,RU_POLITICAL,PATIENT,surpass,active,0.8960282802581787,0.0,False,False,NAMED_ENTITY
ukraine,UKR_POLITICAL,AGENT,carry,active,0.0,0.0,False,False,NAMED_ENTITY
ukraine,UKR_POLITICAL,AGENT,recapture,active,0.0,0.0,False,False,NAMED_ENTITY
russia,RU_POLITICAL,PATIENT,push,active,0.0,0.0,False,False,NAMED_ENTITY
ukraine,UKR_POLITICAL,AGENT,invoke,active,0.0,0.025,False,False,NAMED_ENTITY
eu,WEST_ACTORS,AGENT,stipulate,active,0.0,0.025,False,False,NAMED_ENTITY
eu,WEST_ACTORS,PATIENT,provide,active,0.0,0.025,False,False,NAMED_ENTITY
ukraine,UKR_POLITICAL,AGENT,become,active,0.0,0.025,False,False,NAMED_ENTITY
ukraine,UKR_POLITICAL,PATIENT,ratify,active,0.0,0.0345,False,False,NAMED_ENTITY
ukraine,UKR_POLITICAL,PATIENT,prepare,passive,0.0,0.0,False,False,NAMED_ENTITY
we,IN_GROUP,PATIENT,tell,passive,0.0,0.0,False,True,IN_GROUP
trump,WEST_ACTORS,AGENT,promise,active,0.0,0.0,False,False,NAMED_ENTITY
ukraine,UKR_POLITICAL,PATIENT,promise,active,0.0,0.0,False,False,NAMED_ENTITY
ukraine,UKR_POLITICAL,PATIENT,write,passive,0.0,0.0,False,False,NAMED_ENTITY
ukraine,UKR_POLITICAL,PATIENT,ensure,active,0.0,0.0,False,False,NAMED_ENTITY
un,INTL_ACTORS,AGENT,impress,active,0.94483882188797,0.0,False,False,NAMED_ENTITY
un,INTL_ACTORS,AGENT,have,active,-0.9099156856536865,0.0,False,False,NAMED_ENTITY
un,INTL_ACTORS,AGENT,expect,active,-0.7677428126335144,0.0,False,False,NAMED_ENTITY
un,INTL_ACTORS,AGENT,build,active,0.5132108926773071,0.0,False,False,NAMED_ENTITY
un,INTL_ACTORS,PATIENT,build,active,0.5132108926773071,0.0,False,False,NAMED_ENTITY
un,INTL_ACTORS,AGENT,create,active,0.6201993227005005,0.0,False,False,NAMED_ENTITY
un,INTL_ACTORS,PATIENT,create,active,0.6201993227005005,0.0,False,False,NAMED_ENTITY
un,INTL_ACTORS,AGENT,demotivate,active,0.0,0.0,False,False,NAMED_ENTITY
ukraine,UKR_POLITICAL,PATIENT,pay,active,0.0,0.0,False,False,NAMED_ENTITY
un,INTL_ACTORS,AGENT,trust,active,0.0,0.0,False,False,NAMED_ENTITY
un,INTL_ACTORS,AGENT,understand,active,-0.5506218075752258,0.0,False,False,NAMED_ENTITY
ukraine,UKR_POLITICAL,AGENT,move,active,0.0,0.0,False,False,NAMED_ENTITY
ukraine,UKR_POLITICAL,AGENT,have,active,0.0,0.0,False,False,NAMED_ENTITY
ukraine,UKR_POLITICAL,PATIENT,have,active,0.0,0.0,False,False,NAMED_ENTITY
ukraine,UKR_POLITICAL,AGENT,lead,active,-0.8705503940582275,0.0,False,False,NAMED_ENTITY
we,IN_GROUP,PATIENT,lead,active,-0.8705503940582275,0.0,False,True,IN_GROUP
we,IN_GROUP,PATIENT,fool,passive,-0.5168353915214539,0.0526,False,True,IN_GROUP
un,INTL_ACTORS,AGENT,prepare,active,-0.5168353915214539,0.0526,False,False,NAMED_ENTITY
russia,RU_POLITICAL,PATIENT,have,active,0.0,0.0345,False,False,NAMED_ENTITY
eu,WEST_ACTORS,AGENT,assess,active,0.0,0.0,False,False,NAMED_ENTITY
eu,WEST_ACTORS,PATIENT,assess,active,0.0,0.0,False,False,NAMED_ENTITY
eu,WEST_ACTORS,AGENT,find,active,0.0,0.0,False,False,NAMED_ENTITY
eu,WEST_ACTORS,AGENT,state,active,-0.636064350605011,0.0,False,False,NAMED_ENTITY
eu,WEST_ACTORS,AGENT,see,active,0.0,0.0,False,False,NAMED_ENTITY
eu,WEST_ACTORS,PATIENT,see,active,0.0,0.0,False,False,NAMED_ENTITY
un,INTL_ACTORS,PATIENT,develop,active,0.0,0.0,False,False,NAMED_ENTITY
un,INTL_ACTORS,PATIENT,counter,active,0.0,0.0,False,False,NAMED_ENTITY
un,INTL_ACTORS,AGENT,work,active,0.0,0.0,False,False,NAMED_ENTITY
ukraine,UKR_POLITICAL,PATIENT,harmonize,active,0.0,0.0,False,False,NAMED_ENTITY
ukraine,UKR_POLITICAL,AGENT,prepare,active,0.0,0.0156,False,False,NAMED_ENTITY
ukraine,UKR_POLITICAL,PATIENT,take,active,0.0,0.0156,False,False,NAMED_ENTITY
russia,RU_POLITICAL,PATIENT,replace,active,0.0,0.0156,False,False,NAMED_ENTITY
zelensky,UKR_POLITICAL,AGENT,open,active,0.0,0.0,False,False,NAMED_ENTITY
trump,WEST_ACTORS,AGENT,make,active,-0.7560136914253235,0.0,False,False,NAMED_ENTITY
ukraine,UKR_POLITICAL,AGENT,become,active,0.0,0.0,False,False,NAMED_ENTITY
ukraine,UKR_POLITICAL,AGENT,earn,active,0.7343904972076416,0.0,False,False,NAMED_ENTITY
ukraine,UKR_POLITICAL,AGENT,help,active,0.7343904972076416,0.0,False,False,NAMED_ENTITY
un,INTL_ACTORS,PATIENT,understand,passive,0.0,0.0,False,False,NAMED_ENTITY
eu,WEST_ACTORS,AGENT,accept,active,0.0,0.0476,False,False,NAMED_ENTITY
eu,WEST_ACTORS,AGENT,rely,active,0.0,0.0476,False,False,NAMED_ENTITY
eu,WEST_ACTORS,AGENT,realize,active,0.0,0.0,False,False,NAMED_ENTITY
un,INTL_ACTORS,AGENT,abandon,active,0.0,0.0,False,False,NAMED_ENTITY
usa,WEST_ACTORS,PATIENT,replace,active,0.0,0.0,False,False,NAMED_ENTITY
un,INTL_ACTORS,AGENT,refuse,active,-0.7499428987503052,0.0,False,False,NAMED_ENTITY
putin,RU_POLITICAL,PATIENT,accept,active,-0.7499428987503052,0.0,False,False,NAMED_ENTITY
usa,WEST_ACTORS,AGENT,abdicate,active,-0.737417995929718,0.0,False,False,NAMED_ENTITY
usa,WEST_ACTORS,PATIENT,abdicate,active,-0.737417995929718,0.0,False,False,NAMED_ENTITY
usa,WEST_ACTORS,AGENT,make,active,-0.737417995929718,0.0,False,False,NAMED_ENTITY
trump,WEST_ACTORS,AGENT,want,active,-0.6524756550788879,0.0,False,False,NAMED_ENTITY
russia,RU_POLITICAL,PATIENT,parrot,active,-0.8389349579811096,0.0,False,False,NAMED_ENTITY
trump,WEST_ACTORS,AGENT,berate,active,-0.8151558041572571,0.0,False,False,NAMED_ENTITY
ukraine,UKR_POLITICAL,PATIENT,berate,active,-0.8151558041572571,0.0,False,False,NAMED_ENTITY
putin,RU_POLITICAL,AGENT,show,active,-0.6851334571838379,0.0,False,False,NAMED_ENTITY
putin,RU_POLITICAL,AGENT,have,active,-0.6851334571838379,0.0,False,False,NAMED_ENTITY
putin,RU_POLITICAL,AGENT,want,active,-0.8042968511581421,0.0,False,False,NAMED_ENTITY
putin,RU_POLITICAL,PATIENT,want,active,-0.8042968511581421,0.0,False,False,NAMED_ENTITY
usa,WEST_ACTORS,PATIENT,guide,passive,-0.5970673561096191,0.0,False,False,NAMED_ENTITY
putin,RU_POLITICAL,AGENT,have,active,0.0,0.0,False,False,NAMED_ENTITY
trump,WEST_ACTORS,PATIENT,have,active,0.0,0.0,False,False,NAMED_ENTITY
trump,WEST_ACTORS,AGENT,show,active,-0.5400741100311279,0.0,False,False,NAMED_ENTITY
trump,WEST_ACTORS,AGENT,align,active,-0.5400741100311279,0.0,False,False,NAMED_ENTITY
trump,WEST_ACTORS,AGENT,illustrate,active,-0.7731084227561951,0.0,False,False,NAMED_ENTITY
trump,WEST_ACTORS,PATIENT,illustrate,active,-0.7731084227561951,0.0,False,False,NAMED_ENTITY
un,INTL_ACTORS,PATIENT,invade,passive,-0.6150219440460205,0.0526,True,False,NAMED_ENTITY
usa,WEST_ACTORS,AGENT,invade,passive,-0.6150219440460205,0.0526,True,False,NAMED_ENTITY
usa,WEST_ACTORS,AGENT,realize,active,-0.7843098044395447,0.0,False,False,NAMED_ENTITY
usa,WEST_ACTORS,AGENT,appreciate,active,-0.6433312892913818,0.0,False,False,NAMED_ENTITY
usa,WEST_ACTORS,PATIENT,appreciate,active,-0.6433312892913818,0.0,False,False,NAMED_ENTITY
putin,RU_POLITICAL,AGENT,want,active,-0.7935747504234314,0.0,False,False,NAMED_ENTITY
putin,RU_POLITICAL,PATIENT,want,active,-0.7935747504234314,0.0,False,False,NAMED_ENTITY
putin,RU_POLITICAL,AGENT,want,active,-0.8266918063163757,0.0,False,False,NAMED_ENTITY
ukraine,UKR_POLITICAL,PATIENT,destroy,active,-0.8266918063163757,0.0,True,False,NAMED_ENTITY
ukraine,UKR_POLITICAL,PATIENT,subjugate,active,-0.8266918063163757,0.0,False,False,NAMED_ENTITY
russia,RU_POLITICAL,PATIENT,restore,active,0.0,0.0,False,False,NAMED_ENTITY
usa,WEST_ACTORS,AGENT,abdicate,active,0.0,0.0,False,False,NAMED_ENTITY
usa,WEST_ACTORS,PATIENT,abdicate,active,0.0,0.0,False,False,NAMED_ENTITY
russia,RU_POLITICAL,AGENT,prove,active,0.0,0.0,False,False,NAMED_ENTITY
eu,WEST_ACTORS,PATIENT,leave,passive,0.0,0.0,False,False,NAMED_ENTITY
we,IN_GROUP,AGENT,know,active,-0.529664933681488,0.0,False,True,IN_GROUP
russia,RU_POLITICAL,AGENT,end,active,0.0,0.0625,False,False,NAMED_ENTITY
russia,RU_POLITICAL,AGENT,try,active,0.0,0.0625,False,False,NAMED_ENTITY
un,INTL_ACTORS,PATIENT,recover,active,0.0,0.0625,False,False,NAMED_ENTITY
usa,WEST_ACTORS,AGENT,count,active,0.0,0.04,False,False,NAMED_ENTITY
ukraine,UKR_POLITICAL,AGENT,see,active,0.0,0.04,False,False,NAMED_ENTITY
ukraine,UKR_POLITICAL,AGENT,continue,active,-0.8400125503540039,0.0303,False,False,NAMED_ENTITY
we,IN_GROUP,AGENT,publish,active,0.0,0.0,False,True,IN_GROUP
we,IN_GROUP,AGENT,talk,active,0.0,0.0455,False,True,IN_GROUP
ukraine,UKR_POLITICAL,PATIENT,force,active,-0.6568079590797424,0.0,False,False,NAMED_ENTITY
ukraine,UKR_POLITICAL,PATIENT,disrupt,active,-0.6568079590797424,0.0,False,False,NAMED_ENTITY
ukraine,UKR_POLITICAL,AGENT,begin,active,-0.5633938312530518,0.0,False,False,NAMED_ENTITY
ukraine,UKR_POLITICAL,PATIENT,reduce,active,-0.7800533771514893,0.0,False,False,NAMED_ENTITY
moscow,RU_POLITICAL,AGENT,need,active,-0.6073301434516907,0.0,False,False,NAMED_ENTITY
moscow,RU_POLITICAL,AGENT,use,active,-0.6073301434516907,0.0,False,False,NAMED_ENTITY
moscow,RU_POLITICAL,PATIENT,use,active,-0.6073301434516907,0.0,False,False,NAMED_ENTITY
russia,RU_POLITICAL,AGENT,say,active,0.0,0.0,False,False,NAMED_ENTITY
russia,RU_POLITICAL,AGENT,work,active,0.0,0.0,False,False,NAMED_ENTITY
moscow,RU_POLITICAL,PATIENT,make,active,0.0,0.0,False,False,NAMED_ENTITY
ukraine,UKR_POLITICAL,AGENT,weaken,active,-0.6873652338981628,0.0,False,False,NAMED_ENTITY
ukraine,UKR_POLITICAL,PATIENT,weaken,active,-0.6873652338981628,0.0,False,False,NAMED_ENTITY
we,IN_GROUP,AGENT,have,active,-0.8924674987792969,0.0,False,True,IN_GROUP
russia,RU_POLITICAL,AGENT,prepare,active,-0.881981372833252,0.0103,False,False,NAMED_ENTITY
russia,RU_POLITICAL,AGENT,fail,active,-0.881981372833252,0.0103,False,False,NAMED_ENTITY
russia,RU_POLITICAL,AGENT,resort,active,-0.881981372833252,0.0103,False,False,NAMED_ENTITY
ukraine,UKR_POLITICAL,PATIENT,get,active,-0.881981372833252,0.0103,False,False,NAMED_ENTITY
ukraine,UKR_POLITICAL,PATIENT,find,active,-0.881981372833252,0.0103,False,False,NAMED_ENTITY
ukraine,UKR_POLITICAL,PATIENT,make,active,-0.8472537994384766,0.0,False,False,NAMED_ENTITY
un,INTL_ACTORS,PATIENT,impose,active,-0.8472537994384766,0.0,False,False,NAMED_ENTITY
usa,WEST_ACTORS,PATIENT,resist,active,-0.8472537994384766,0.0,False,False,NAMED_ENTITY
russia,RU_POLITICAL,PATIENT,hire,passive,0.0,0.0556,False,False,NAMED_ENTITY
russia,RU_POLITICAL,AGENT,work,active,0.0,0.0,False,False,NAMED_ENTITY
un,INTL_ACTORS,AGENT,give,active,0.0,0.0,False,False,NAMED_ENTITY
un,INTL_ACTORS,PATIENT,do,active,0.0,0.0,False,False,NAMED_ENTITY
un,INTL_ACTORS,PATIENT,do,passive,-0.7407353520393372,0.0,False,False,NAMED_ENTITY
un,INTL_ACTORS,AGENT,begin,active,-0.9206426739692688,0.0,False,False,NAMED_ENTITY
we,IN_GROUP,AGENT,do,active,-0.8591553568840027,0.1,False,True,IN_GROUP
ukraine,UKR_POLITICAL,AGENT,lose,active,-0.8591553568840027,0.1,False,False,NAMED_ENTITY
ukraine,UKR_POLITICAL,PATIENT,lose,active,-0.8591553568840027,0.1,False,False,NAMED_ENTITY
putin,RU_POLITICAL,AGENT,come,active,0.7054910659790039,0.0,False,False,NAMED_ENTITY
putin,RU_POLITICAL,AGENT,give,active,-0.5455436706542969,0.0,False,False,NAMED_ENTITY
putin,RU_POLITICAL,PATIENT,give,active,-0.5455436706542969,0.0,False,False,NAMED_ENTITY
ukraine,UKR_POLITICAL,AGENT,do,active,0.0,0.0,False,False,NAMED_ENTITY
un,INTL_ACTORS,PATIENT,start,active,0.0,0.0,False,False,NAMED_ENTITY
ukraine,UKR_POLITICAL,AGENT,save,active,0.525949239730835,0.0,False,False,NAMED_ENTITY
ukraine,UKR_POLITICAL,PATIENT,save,active,0.525949239730835,0.0,False,False,NAMED_ENTITY
ukraine,UKR_POLITICAL,AGENT,have,active,0.0,0.0,False,False,NAMED_ENTITY
ukraine,UKR_POLITICAL,AGENT,deprive,active,-0.8716377019882202,0.0,False,False,NAMED_ENTITY
ukraine,UKR_POLITICAL,PATIENT,deprive,active,-0.8716377019882202,0.0,False,False,NAMED_ENTITY
we,IN_GROUP,AGENT,need,active,0.0,0.0,False,True,IN_GROUP
eu,WEST_ACTORS,AGENT,conclude,active,0.0,0.0741,False,False,NAMED_ENTITY
ukraine,UKR_POLITICAL,AGENT,abandon,active,0.0,0.0741,False,False,NAMED_ENTITY
eu,WEST_ACTORS,PATIENT,abandon,active,0.0,0.0741,False,False,NAMED_ENTITY
ukraine,UKR_POLITICAL,PATIENT,change,active,0.0,0.0741,False,False,NAMED_ENTITY
ukraine,UKR_POLITICAL,AGENT,have,active,-0.7493709325790405,0.025,False,False,NAMED_ENTITY
russia,RU_POLITICAL,AGENT,resort,active,-0.7493709325790405,0.025,False,False,NAMED_ENTITY
ukraine,UKR_POLITICAL,PATIENT,flood,active,-0.7493709325790405,0.025,False,False,NAMED_ENTITY
un,INTL_ACTORS,AGENT,plunge,active,-0.8643813729286194,0.0,False,False,NAMED_ENTITY
ukraine,UKR_POLITICAL,PATIENT,plunge,active,-0.8643813729286194,0.0,False,False,NAMED_ENTITY
russia,RU_POLITICAL,PATIENT,open,active,-0.8643813729286194,0.0,False,False,NAMED_ENTITY
crimea,UKR_POLITICAL,PATIENT,base,passive,-0.688709020614624,0.0,False,False,NAMED_ENTITY
russia,RU_POLITICAL,AGENT,base,passive,-0.688709020614624,0.0,False,False,NAMED_ENTITY
russia,RU_POLITICAL,AGENT,happen,active,-0.5497942566871643,0.0667,False,False,NAMED_ENTITY
un,INTL_ACTORS,AGENT,understand,active,-0.5497942566871643,0.0667,False,False,NAMED_ENTITY
un,INTL_ACTORS,PATIENT,understand,active,-0.5497942566871643,0.0667,False,False,NAMED_ENTITY
un,INTL_ACTORS,AGENT,understand,active,-0.6813133358955383,0.0,False,False,NAMED_ENTITY
un,INTL_ACTORS,PATIENT,cause,passive,-0.6813133358955383,0.0,False,False,NAMED_ENTITY
russia,RU_POLITICAL,AGENT,cause,passive,-0.6813133358955383,0.0,False,False,NAMED_ENTITY
ukraine,UKR_POLITICAL,PATIENT,accept,active,-0.6813133358955383,0.0,False,False,NAMED_ENTITY
eu,WEST_ACTORS,PATIENT,choose,active,-0.6813133358955383,0.0,False,False,NAMED_ENTITY
russia,RU_POLITICAL,PATIENT,give,active,0.0,0.0294,False,False,NAMED_ENTITY
we,IN_GROUP,AGENT,have,active,-0.8259504437446594,0.0,False,True,IN_GROUP
we,IN_GROUP,PATIENT,teach,passive,0.0,0.0,False,True,IN_GROUP
we,IN_GROUP,AGENT,do,active,-0.8851855993270874,0.0,False,True,IN_GROUP
we,IN_GROUP,AGENT,play,active,-0.6895299553871155,0.0,False,True,IN_GROUP
we,IN_GROUP,AGENT,give,active,-0.6574965715408325,0.0,False,True,IN_GROUP
ukraine,UKR_POLITICAL,PATIENT,put,active,-0.6574965715408325,0.0,False,False,NAMED_ENTITY
we,IN_GROUP,AGENT,know,active,-0.6511235237121582,0.0137,False,True,IN_GROUP
ukraine,UKR_POLITICAL,PATIENT,reduce,active,-0.6511235237121582,0.0137,False,False,NAMED_ENTITY
ukraine,UKR_POLITICAL,PATIENT,return,active,-0.679975688457489,0.0,False,False,NAMED_ENTITY
we,IN_GROUP,AGENT,try,active,0.0,0.0,False,True,IN_GROUP
un,INTL_ACTORS,AGENT,undermine,active,-0.566967785358429,0.0192,False,False,NAMED_ENTITY
un,INTL_ACTORS,PATIENT,undermine,active,-0.566967785358429,0.0192,False,False,NAMED_ENTITY
eu,WEST_ACTORS,PATIENT,leave,active,-0.566967785358429,0.0192,False,False,NAMED_ENTITY
ukraine,UKR_POLITICAL,PATIENT,counteract,active,0.0,0.0303,False,False,NAMED_ENTITY
ukraine,UKR_POLITICAL,AGENT,need,active,0.0,0.0303,False,False,NAMED_ENTITY
eu,WEST_ACTORS,AGENT,find,active,-0.7250615954399109,0.0357,False,False,NAMED_ENTITY
ukraine,UKR_POLITICAL,PATIENT,find,active,-0.7250615954399109,0.0357,False,False,NAMED_ENTITY
ukraine,UKR_POLITICAL,PATIENT,support,active,-0.7250615954399109,0.0357,False,False,NAMED_ENTITY
ukraine,UKR_POLITICAL,PATIENT,continue,active,0.0,0.0,False,False,NAMED_ENTITY
ukraine,UKR_POLITICAL,AGENT,need,active,0.0,0.0,False,False,NAMED_ENTITY
ukraine,UKR_POLITICAL,PATIENT,need,active,0.0,0.0,False,False,NAMED_ENTITY
eu,WEST_ACTORS,AGENT,boil,active,-0.6563471555709839,0.0,False,False,NAMED_ENTITY
eu,WEST_ACTORS,AGENT,produce,active,-0.7762795686721802,0.0526,False,False,NAMED_ENTITY
eu,WEST_ACTORS,PATIENT,produce,active,-0.7762795686721802,0.0526,False,False,NAMED_ENTITY
eu,WEST_ACTORS,AGENT,look,active,-0.7762795686721802,0.0526,False,False,NAMED_ENTITY
ukraine,UKR_POLITICAL,PATIENT,undermine,active,-0.8539547324180603,0.0,False,False,NAMED_ENTITY
eu,WEST_ACTORS,AGENT,undermine,active,-0.8539547324180603,0.0,False,False,NAMED_ENTITY
ukraine,UKR_POLITICAL,PATIENT,support,active,-0.8539547324180603,0.0,False,False,NAMED_ENTITY
eu,WEST_ACTORS,PATIENT,undermine,active,-0.8539547324180603,0.0,False,False,NAMED_ENTITY
russia,RU_POLITICAL,PATIENT,use,active,-0.8539547324180603,0.0,False,False,NAMED_ENTITY
russia,RU_POLITICAL,AGENT,use,active,-0.8539547324180603,0.0,False,False,NAMED_ENTITY
russia,RU_POLITICAL,PATIENT,suck,active,-0.9054580330848694,0.0,False,False,NAMED_ENTITY
ukraine,UKR_POLITICAL,PATIENT,shell,passive,0.0,0.0,True,False,NAMED_ENTITY
russia,RU_POLITICAL,PATIENT,push,active,-0.651289701461792,0.0,False,False,NAMED_ENTITY
russia,RU_POLITICAL,AGENT,maintain,active,-0.581157386302948,0.0,False,False,NAMED_ENTITY
russia,RU_POLITICAL,AGENT,climb,active,-0.581157386302948,0.0,False,False,NAMED_ENTITY
ukraine,UKR_POLITICAL,AGENT,include,active,-0.8265700340270996,0.0,False,False,NAMED_ENTITY
ukraine,UKR_POLITICAL,PATIENT,include,active,-0.8265700340270996,0.0,False,False,NAMED_ENTITY
un,INTL_ACTORS,AGENT,understand,active,0.0,0.0909,False,False,NAMED_ENTITY
un,INTL_ACTORS,PATIENT,understand,active,0.0,0.0909,False,False,NAMED_ENTITY
un,INTL_ACTORS,PATIENT,avoid,active,0.0,0.0,False,False,NAMED_ENTITY
we,IN_GROUP,AGENT,have,active,0.0,0.0,False,True,IN_GROUP
we,IN_GROUP,PATIENT,worry,active,0.0,0.0,False,True,IN_GROUP
we,IN_GROUP,AGENT,see,active,0.0,0.0667,False,True,IN_GROUP
we,IN_GROUP,AGENT,want,active,0.0,0.0,False,True,IN_GROUP
we,IN_GROUP,AGENT,accumulate,active,0.0,0.0476,False,True,IN_GROUP
we,IN_GROUP,AGENT,wait,active,0.0,0.0,False,True,IN_GROUP
usa,WEST_ACTORS,PATIENT,dislike,active,0.0,0.0312,False,False,NAMED_ENTITY
they,OUT_GROUP,PATIENT,distrust,active,0.0,0.0312,False,True,OUT_GROUP
un,INTL_ACTORS,PATIENT,understand,passive,-0.7577704787254333,0.0513,False,False,NAMED_ENTITY
usa,WEST_ACTORS,AGENT,grow,active,-0.7017430663108826,0.0,False,False,NAMED_ENTITY
un,INTL_ACTORS,AGENT,see,active,0.0,0.0,False,False,NAMED_ENTITY
ukraine,UKR_POLITICAL,PATIENT,see,active,0.0,0.0,False,False,NAMED_ENTITY
ukraine,UKR_POLITICAL,AGENT,believe,active,0.0,0.0,False,False,NAMED_ENTITY
un,INTL_ACTORS,PATIENT,see,active,0.0,0.0,False,False,NAMED_ENTITY
we,IN_GROUP,AGENT,write,active,-0.515625,0.0769,False,True,IN_GROUP
we,IN_GROUP,AGENT,join,active,-0.515625,0.0769,False,True,IN_GROUP
nato,WEST_ACTORS,PATIENT,join,active,-0.515625,0.0769,False,False,NAMED_ENTITY
putin,RU_POLITICAL,AGENT,change,active,0.0,0.0,False,False,NAMED_ENTITY
putin,RU_POLITICAL,AGENT,stop,active,0.0,0.0,False,False,NAMED_ENTITY
we,IN_GROUP,AGENT,write,active,0.0,0.0833,False,True,IN_GROUP
we,IN_GROUP,AGENT,freeze,active,0.0,0.0833,False,True,IN_GROUP
trump,WEST_ACTORS,PATIENT,force,passive,0.0,0.0,False,False,NAMED_ENTITY
trump,WEST_ACTORS,AGENT,say,active,0.0,0.0,False,False,NAMED_ENTITY
trump,WEST_ACTORS,PATIENT,say,active,0.0,0.0,False,False,NAMED_ENTITY
trump,WEST_ACTORS,PATIENT,tell,passive,-0.5061575770378113,0.087,False,False,NAMED_ENTITY
trump,WEST_ACTORS,AGENT,speak,active,0.0,0.0,False,False,NAMED_ENTITY
trump,WEST_ACTORS,AGENT,say,active,-0.7801700830459595,0.0,False,False,NAMED_ENTITY
un,INTL_ACTORS,PATIENT,say,active,-0.7801700830459595,0.0,False,False,NAMED_ENTITY
usa,WEST_ACTORS,AGENT,know,active,-0.7827039957046509,0.0,False,False,NAMED_ENTITY
zelensky,UKR_POLITICAL,AGENT,tell,active,0.0,0.0,False,False,NAMED_ENTITY
putin,RU_POLITICAL,PATIENT,tell,active,0.0,0.0,False,False,NAMED_ENTITY
zelensky,UKR_POLITICAL,AGENT,want,active,0.0,0.0,False,False,NAMED_ENTITY
crimea,UKR_POLITICAL,PATIENT,return,active,0.0,0.0,False,False,NAMED_ENTITY
nato,WEST_ACTORS,PATIENT,join,active,0.0,0.0,False,False,NAMED_ENTITY
zelensky,UKR_POLITICAL,AGENT,meet,active,0.0,0.0455,False,False,NAMED_ENTITY
putin,RU_POLITICAL,PATIENT,meet,active,0.0,0.0455,False,False,NAMED_ENTITY
zelensky,UKR_POLITICAL,AGENT,seem,active,0.0,0.1111,False,False,NAMED_ENTITY
zelensky,UKR_POLITICAL,AGENT,choose,active,0.0,0.0,False,False,NAMED_ENTITY
zelensky,UKR_POLITICAL,PATIENT,administer,active,0.0,0.0,False,False,NAMED_ENTITY
zelensky,UKR_POLITICAL,AGENT,like,active,0.0,0.0571,False,False,NAMED_ENTITY
yermak,UKR_POLITICAL,AGENT,try,active,0.0,0.0571,False,False,NAMED_ENTITY
ukraine,UKR_POLITICAL,PATIENT,influence,active,0.0,0.0,False,False,NAMED_ENTITY
zelensky,UKR_POLITICAL,AGENT,meet,active,0.0,0.0,False,False,NAMED_ENTITY
ukraine,UKR_POLITICAL,AGENT,remain,active,0.0,0.0,False,False,NAMED_ENTITY
un,INTL_ACTORS,AGENT,begin,active,0.0,0.0106,False,False,NAMED_ENTITY
yermak,UKR_POLITICAL,AGENT,remain,active,0.0,0.0106,False,False,NAMED_ENTITY
ukraine,UKR_POLITICAL,AGENT,live,active,0.0,0.0,False,False,NAMED_ENTITY
usa,WEST_ACTORS,AGENT,take,active,0.0,0.0,False,False,NAMED_ENTITY
usa,WEST_ACTORS,PATIENT,take,active,0.0,0.0,False,False,NAMED_ENTITY
un,INTL_ACTORS,PATIENT,create,active,-0.5914121866226196,0.0,False,False,NAMED_ENTITY
un,INTL_ACTORS,AGENT,put,active,-0.5914121866226196,0.0,False,False,NAMED_ENTITY
russia,RU_POLITICAL,PATIENT,put,active,-0.5914121866226196,0.0,False,False,NAMED_ENTITY
ukraine,UKR_POLITICAL,AGENT,lend,active,0.0,0.0,False,False,NAMED_ENTITY
ukraine,UKR_POLITICAL,PATIENT,lend,active,0.0,0.0,False,False,NAMED_ENTITY
ukraine,UKR_POLITICAL,PATIENT,understand,active,0.0,0.0,False,False,NAMED_ENTITY
ukraine,UKR_POLITICAL,PATIENT,express,active,0.0,0.0,False,False,NAMED_ENTITY
un,INTL_ACTORS,PATIENT,manage,active,-0.49408066272735596,0.0,False,False,NAMED_ENTITY
un,INTL_ACTORS,AGENT,grow,active,-0.8192813396453857,0.0,False,False,NAMED_ENTITY
they,OUT_GROUP,AGENT,give,active,0.0,0.0,False,True,OUT_GROUP
ukraine,UKR_POLITICAL,AGENT,grow,active,0.0,0.0,False,False,NAMED_ENTITY
eu,WEST_ACTORS,AGENT,leave,active,0.0,0.0278,False,False,NAMED_ENTITY
un,INTL_ACTORS,PATIENT,leave,active,0.0,0.0278,False,False,NAMED_ENTITY
eu,WEST_ACTORS,AGENT,support,active,0.0,0.0278,False,False,NAMED_ENTITY
un,INTL_ACTORS,PATIENT,support,active,0.0,0.0278,False,False,NAMED_ENTITY
un,INTL_ACTORS,PATIENT,accept,active,0.0,0.0,False,False,NAMED_ENTITY
they,OUT_GROUP,AGENT,show,active,0.0,0.0,False,True,OUT_GROUP
ukraine,UKR_POLITICAL,AGENT,continue,active,-0.8457680344581604,0.0,False,False,NAMED_ENTITY
usa,WEST_ACTORS,AGENT,invest,active,0.6489138603210449,0.0,False,False,NAMED_ENTITY
we,IN_GROUP,AGENT,hold,active,0.0,0.0312,False,True,IN_GROUP
we,IN_GROUP,PATIENT,tell,active,0.0,0.0,False,True,IN_GROUP
we,IN_GROUP,AGENT,know,active,0.0,0.0,False,True,IN_GROUP
eu,WEST_ACTORS,AGENT,distract,active,0.0,0.0385,False,False,NAMED_ENTITY
usa,WEST_ACTORS,PATIENT,distract,active,0.0,0.0385,False,False,NAMED_ENTITY
china,INTL_ACTORS,AGENT,mean,active,0.0,0.0,False,False,NAMED_ENTITY
usa,WEST_ACTORS,AGENT,look,active,0.0,0.0,False,False,NAMED_ENTITY
ukraine,UKR_POLITICAL,AGENT,mean,active,0.0,0.0,False,False,NAMED_ENTITY
usa,WEST_ACTORS,AGENT,want,active,0.0,0.0,False,False,NAMED_ENTITY
usa,WEST_ACTORS,PATIENT,want,active,0.0,0.0,False,False,NAMED_ENTITY
usa,WEST_ACTORS,AGENT,need,active,0.0,0.0,False,False,NAMED_ENTITY
we,IN_GROUP,AGENT,like,active,0.0,0.0,False,True,IN_GROUP
usa,WEST_ACTORS,AGENT,seem,active,-0.5061786770820618,0.0196,False,False,NAMED_ENTITY
russia,RU_POLITICAL,PATIENT,define,passive,-0.5384113788604736,0.0,False,False,NAMED_ENTITY
russia,RU_POLITICAL,PATIENT,limit,active,-0.5062320828437805,0.0,False,False,NAMED_ENTITY
ukraine,UKR_POLITICAL,AGENT,demonstrate,active,0.0,0.0,False,False,NAMED_ENTITY
ukraine,UKR_POLITICAL,PATIENT,demonstrate,active,0.0,0.0,False,False,NAMED_ENTITY
we,IN_GROUP,AGENT,see,active,0.0,0.027,False,True,IN_GROUP
ukraine,UKR_POLITICAL,AGENT,decolonize,active,0.0,0.027,False,False,NAMED_ENTITY
ukraine,UKR_POLITICAL,PATIENT,decolonize,active,0.0,0.027,False,False,NAMED_ENTITY
moscow,RU_POLITICAL,AGENT,knock,active,0.0,0.027,False,False,NAMED_ENTITY
un,INTL_ACTORS,PATIENT,knock,active,0.0,0.027,False,False,NAMED_ENTITY
russia,RU_POLITICAL,AGENT,drown,active,-0.9390519261360168,0.0179,False,False,NAMED_ENTITY
un,INTL_ACTORS,AGENT,dare,active,-0.9390519261360168,0.0179,False,False,NAMED_ENTITY
kremlin,RU_POLITICAL,PATIENT,leave,active,0.0,0.0333,False,False,NAMED_ENTITY
un,INTL_ACTORS,AGENT,remain,active,0.0,0.0455,False,False,NAMED_ENTITY
ukraine,UKR_POLITICAL,PATIENT,hinder,passive,-0.5902186036109924,0.0,False,False,NAMED_ENTITY
kiev,UKR_POLITICAL,AGENT,hinder,passive,-0.5902186036109924,0.0,False,False,NAMED_ENTITY
putin,RU_POLITICAL,AGENT,want,active,0.0,0.0278,False,False,NAMED_ENTITY
un,INTL_ACTORS,PATIENT,freeze,active,0.0,0.0278,False,False,NAMED_ENTITY
ukraine,UKR_POLITICAL,AGENT,remain,active,0.0,0.0278,False,False,NAMED_ENTITY
ukraine,UKR_POLITICAL,PATIENT,modernize,active,0.0,0.0278,False,False,NAMED_ENTITY
ukraine,UKR_POLITICAL,AGENT,modernize,active,0.0,0.0278,False,False,NAMED_ENTITY
kremlin,RU_POLITICAL,AGENT,stall,active,-0.8003777861595154,0.0,False,False,NAMED_ENTITY
usa,WEST_ACTORS,PATIENT,give,active,-0.8003777861595154,0.0,False,False,NAMED_ENTITY
eu,WEST_ACTORS,AGENT,want,active,-0.698564350605011,0.0211,False,False,NAMED_ENTITY
ukraine,UKR_POLITICAL,PATIENT,drain,passive,-0.698564350605011,0.0211,False,False,NAMED_ENTITY
ukraine,UKR_POLITICAL,AGENT,turn,active,-0.698564350605011,0.0211,False,False,NAMED_ENTITY
putin,RU_POLITICAL,AGENT,target,active,-0.698564350605011,0.0211,True,False,NAMED_ENTITY
eu,WEST_ACTORS,PATIENT,target,active,-0.698564350605011,0.0211,True,False,NAMED_ENTITY
ukraine,UKR_POLITICAL,PATIENT,boost,active,-0.698564350605011,0.0211,False,False,NAMED_ENTITY
ukraine,UKR_POLITICAL,PATIENT,want,active,-0.698564350605011,0.0211,False,False,NAMED_ENTITY
ukraine,UKR_POLITICAL,PATIENT,oppose,active,-0.698564350605011,0.0211,False,False,NAMED_ENTITY
ukraine,UKR_POLITICAL,PATIENT,subjugate,active,0.0,0.0,False,False,NAMED_ENTITY
usa,WEST_ACTORS,PATIENT,freeze,active,0.0,0.0,False,False,NAMED_ENTITY
ukraine,UKR_POLITICAL,PATIENT,anger,active,0.0,0.0,False,False,NAMED_ENTITY
eu,WEST_ACTORS,PATIENT,overboost,active,0.0,0.0,False,False,NAMED_ENTITY
putin,RU_POLITICAL,AGENT,want,active,-0.8054728507995605,0.0,False,False,NAMED_ENTITY
putin,RU_POLITICAL,PATIENT,stop,active,-0.8054728507995605,0.0,False,False,NAMED_ENTITY
putin,RU_POLITICAL,AGENT,move,active,-0.8054728507995605,0.0,False,False,NAMED_ENTITY
ukraine,UKR_POLITICAL,PATIENT,finance,active,0.0,0.0,False,False,NAMED_ENTITY
usa,WEST_ACTORS,AGENT,push,active,-0.62187260389328,0.0,False,False,NAMED_ENTITY
usa,WEST_ACTORS,AGENT,seem,active,0.0,0.025,False,False,NAMED_ENTITY
usa,WEST_ACTORS,AGENT,change,active,0.0,0.025,False,False,NAMED_ENTITY
usa,WEST_ACTORS,PATIENT,change,active,0.0,0.025,False,False,NAMED_ENTITY
usa,WEST_ACTORS,AGENT,discuss,active,0.0,0.025,False,False,NAMED_ENTITY
usa,WEST_ACTORS,PATIENT,discuss,active,0.0,0.025,False,False,NAMED_ENTITY
usa,WEST_ACTORS,AGENT,pressure,active,0.0,0.025,False,False,NAMED_ENTITY
russia,RU_POLITICAL,PATIENT,pressure,active,0.0,0.025,False,False,NAMED_ENTITY
we,IN_GROUP,AGENT,need,active,0.0,0.0,False,True,IN_GROUP
china,INTL_ACTORS,PATIENT,pay,active,0.0,0.0,False,False,NAMED_ENTITY
moscow,RU_POLITICAL,AGENT,visit,active,0.0,0.0,False,False,NAMED_ENTITY
moscow,RU_POLITICAL,PATIENT,visit,active,0.0,0.0,False,False,NAMED_ENTITY
moscow,RU_POLITICAL,PATIENT,hand,active,0.0,0.0,False,False,NAMED_ENTITY
we,IN_GROUP,AGENT,forget,active,0.0,0.037,False,True,IN_GROUP
china,INTL_ACTORS,PATIENT,discuss,passive,0.0,0.037,False,False,NAMED_ENTITY
china,INTL_ACTORS,AGENT,guarantee,active,0.0,0.037,False,False,NAMED_ENTITY
we,IN_GROUP,PATIENT,concern,active,0.0,0.1429,False,True,IN_GROUP
ukraine,UKR_POLITICAL,PATIENT,protect,active,0.0,0.0263,False,False,NAMED_ENTITY
russia,RU_POLITICAL,PATIENT,please,active,0.0,0.0263,False,False,NAMED_ENTITY
un,INTL_ACTORS,PATIENT,take,active,0.0,0.0,False,False,NAMED_ENTITY
ukraine,UKR_POLITICAL,AGENT,protect,active,0.0,0.0,False,False,NAMED_ENTITY
ukraine,UKR_POLITICAL,PATIENT,protect,active,0.0,0.0,False,False,NAMED_ENTITY
ukraine,UKR_POLITICAL,PATIENT,do,active,0.0,0.0,False,False,NAMED_ENTITY
ukraine,UKR_POLITICAL,AGENT,need,active,0.0,0.0,False,False,NAMED_ENTITY
moscow,RU_POLITICAL,PATIENT,protect,active,0.0,0.0,False,False,NAMED_ENTITY
un,INTL_ACTORS,PATIENT,surround,active,0.0,0.0,False,False,NAMED_ENTITY
un,INTL_ACTORS,PATIENT,bind,passive,0.0,0.0,False,False,NAMED_ENTITY
ukraine,UKR_POLITICAL,AGENT,deal,active,0.0,0.025,False,False,NAMED_ENTITY
un,INTL_ACTORS,AGENT,have,active,0.0,0.025,False,False,NAMED_ENTITY
un,INTL_ACTORS,PATIENT,have,active,0.0,0.025,False,False,NAMED_ENTITY
ukraine,UKR_POLITICAL,PATIENT,digest,active,-0.6074879765510559,0.0,False,False,NAMED_ENTITY
ukraine,UKR_POLITICAL,AGENT,have,active,0.0,0.0,False,False,NAMED_ENTITY
yermak,UKR_POLITICAL,AGENT,affect,active,0.0,0.0,False,False,NAMED_ENTITY
yermak,UKR_POLITICAL,AGENT,leave,active,0.0,0.0,False,False,NAMED_ENTITY
yermak,UKR_POLITICAL,AGENT,remain,active,0.0,0.0,False,False,NAMED_ENTITY
un,INTL_ACTORS,PATIENT,manage,active,0.0,0.0,False,False,NAMED_ENTITY
un,INTL_ACTORS,AGENT,seem,active,-0.5136444568634033,0.0233,False,False,NAMED_ENTITY
yermak,UKR_POLITICAL,AGENT,maintain,active,0.0,0.069,False,False,NAMED_ENTITY
zelensky,UKR_POLITICAL,PATIENT,maintain,active,0.0,0.069,False,False,NAMED_ENTITY
yermak,UKR_POLITICAL,PATIENT,know,passive,0.0,0.0435,False,False,NAMED_ENTITY
yermak,UKR_POLITICAL,PATIENT,base,passive,0.0,0.0,False,False,NAMED_ENTITY
yermak,UKR_POLITICAL,AGENT,have,active,0.0,0.0,False,False,NAMED_ENTITY
yermak,UKR_POLITICAL,AGENT,retain,active,0.0,0.037,False,False,NAMED_ENTITY
yermak,UKR_POLITICAL,PATIENT,retain,active,0.0,0.037,False,False,NAMED_ENTITY
yermak,UKR_POLITICAL,PATIENT,appoint,passive,0.0,0.037,False,False,NAMED_ENTITY
un,INTL_ACTORS,AGENT,seem,active,0.0,0.1,False,False,NAMED_ENTITY
usa,WEST_ACTORS,AGENT,dislike,active,-0.6918007135391235,0.025,False,False,NAMED_ENTITY
yermak,UKR_POLITICAL,PATIENT,dislike,active,-0.6918007135391235,0.025,False,False,NAMED_ENTITY
yermak,UKR_POLITICAL,PATIENT,dislike,active,-0.6918007135391235,0.025,False,False,NAMED_ENTITY
yermak,UKR_POLITICAL,PATIENT,dislike,active,-0.6918007135391235,0.025,False,False,NAMED_ENTITY
usa,WEST_ACTORS,AGENT,have,active,0.0,0.05,False,False,NAMED_ENTITY
yermak,UKR_POLITICAL,PATIENT,have,active,0.0,0.05,False,False,NAMED_ENTITY
usa,WEST_ACTORS,AGENT,dislike,active,-0.7184376120567322,0.0,False,False,NAMED_ENTITY
yermak,UKR_POLITICAL,PATIENT,dislike,active,-0.7184376120567322,0.0,False,False,NAMED_ENTITY
un,INTL_ACTORS,PATIENT,weaken,active,0.0,0.0476,False,False,NAMED_ENTITY
ukraine,UKR_POLITICAL,PATIENT,strengthen,active,0.0,0.0476,False,False,NAMED_ENTITY
ukraine,UKR_POLITICAL,PATIENT,form,passive,0.0,0.0,False,False,NAMED_ENTITY
ukraine,UKR_POLITICAL,AGENT,occur,active,0.0,0.0,False,False,NAMED_ENTITY
ukraine,UKR_POLITICAL,AGENT,occur,active,0.0,0.0,False,False,NAMED_ENTITY
yermak,UKR_POLITICAL,AGENT,reduce,active,0.0,0.0185,False,False,NAMED_ENTITY
ukraine,UKR_POLITICAL,AGENT,occur,active,0.0,0.0185,False,False,NAMED_ENTITY
yermak,UKR_POLITICAL,AGENT,lose,active,0.0,0.026,False,False,NAMED_ENTITY
yermak,UKR_POLITICAL,PATIENT,lose,active,0.0,0.026,False,False,NAMED_ENTITY
un,INTL_ACTORS,PATIENT,lose,active,0.0,0.026,False,False,NAMED_ENTITY
yermak,UKR_POLITICAL,AGENT,communicate,active,0.0,0.026,False,False,NAMED_ENTITY
zelensky,UKR_POLITICAL,PATIENT,maintain,active,0.0,0.026,False,False,NAMED_ENTITY
ukraine,UKR_POLITICAL,AGENT,begin,active,0.0,0.0,False,False,NAMED_ENTITY
yermak,UKR_POLITICAL,AGENT,see,active,0.0,0.0,False,False,NAMED_ENTITY
